000001.jpg,皖AJK825
000002.jpg,皖AJK825
000003.jpg,皖AJK825
000004.jpg,皖AJK825
000005.jpg,皖AJK825
000006.jpg,皖AJK825
000007.jpg,皖AJK825
000008.jpg,皖AJK825
000009.jpg,皖AJK825
000010.jpg,皖AJK825
000011.jpg,皖AJK825
000012.jpg,皖AJK825
000013.jpg,皖AJK825
000014.jpg,皖AJK825
000015.jpg,皖AJK825
000016.jpg,皖AJK825
000017.jpg,皖AJK825
000018.jpg,皖AJK825
000019.jpg,皖AJK825
000020.jpg,皖AJK825
000021.jpg,皖AJK825
000022.jpg,皖AJK825
000023.jpg,皖AJK825
000024.jpg,皖AJK825
000025.jpg,皖AJK825
000026.jpg,皖AJK825
000027.jpg,皖AJK825
000028.jpg,皖AJK825
000029.jpg,皖AJK825
000030.jpg,皖AJK825
000031.jpg,皖AJK825
000032.jpg,皖AJK825
000033.jpg,皖AJK825
000034.jpg,皖AJK825
000035.jpg,皖AJK825
000036.jpg,皖AJK825
000037.jpg,皖AJK825
000038.jpg,皖AJK825
000039.jpg,皖AJK825
000040.jpg,皖AJK825
000041.jpg,皖AJK825
000042.jpg,皖AJK825
000043.jpg,皖AJK825
000044.jpg,皖AJK825
000045.jpg,皖AJK825
000046.jpg,皖AJK825
000047.jpg,皖AJK825
000048.jpg,皖AJK825
000049.jpg,皖AJK825
000050.jpg,皖AJK825
000051.jpg,皖AJK825
000052.jpg,皖AJK825
000053.jpg,皖AJK825
000054.jpg,皖AJK825
000055.jpg,皖AJK825
000056.jpg,皖AJK825
000057.jpg,皖AJK825
000058.jpg,皖AJK825
000059.jpg,皖AJK825
000060.jpg,皖AJK825
000061.jpg,皖AJK825
000062.jpg,皖AJK825
000063.jpg,皖AJK825
000064.jpg,皖AJK825
000065.jpg,皖AJK825
000066.jpg,皖AJK825
000067.jpg,皖AJK825
000068.jpg,皖AJK825
000069.jpg,皖AJK825
000070.jpg,皖AJK825
000071.jpg,皖AJK825
000072.jpg,皖AJK825
000073.jpg,皖AJK825
000074.jpg,皖AJK825
000075.jpg,皖AJK825
000076.jpg,皖AJK825
000077.jpg,皖AJK825
000078.jpg,皖AJK825
000079.jpg,皖AJK825
000080.jpg,皖AJK825
000081.jpg,皖AJK825
000082.jpg,皖AJK825
000083.jpg,皖AJK825
000084.jpg,皖AJK825
000085.jpg,皖AJK825
000086.jpg,皖AJK825
000087.jpg,皖AJK825
000088.jpg,皖AJK825
000089.jpg,皖AJK825
000090.jpg,皖AJK825
000091.jpg,皖AJK825
000092.jpg,皖AJK825
000093.jpg,皖AJK825
000094.jpg,皖AJK825
000095.jpg,皖AJK825
000096.jpg,皖AJK825
000097.jpg,皖AJK825
000098.jpg,皖AJK825
000099.jpg,皖AJK825
000100.jpg,皖AJK825
000101.jpg,皖AJK825
000102.jpg,皖AJK825
000103.jpg,皖AJK825
000104.jpg,皖AJK825
000105.jpg,皖AJK825
000106.jpg,皖AJK825
000107.jpg,皖AJK825
000108.jpg,皖AJK825
000109.jpg,皖AJK825
000110.jpg,皖AJK825
000111.jpg,皖AJK825
000112.jpg,皖AJK825
000113.jpg,皖AJK825
000114.jpg,皖AJK825
000115.jpg,皖AJK825
000116.jpg,皖AJK825
000117.jpg,皖AJK825
000118.jpg,皖AJK825
000119.jpg,皖AJK825
000120.jpg,皖AJK825
000121.jpg,皖AJK825
000122.jpg,皖AJK825
000123.jpg,皖AJK825
000124.jpg,皖AJK825
000125.jpg,皖AJK825
000126.jpg,皖AJK825
000127.jpg,皖AJK825
000128.jpg,皖AJK825
000129.jpg,皖AJK825
000130.jpg,皖AJK825
000131.jpg,皖AJK825
000132.jpg,皖AJK825
000133.jpg,皖AJK825
000134.jpg,皖AJK825
000135.jpg,皖AJK825
000136.jpg,皖AJK825
000137.jpg,皖AJK825
000138.jpg,皖AJK825
000139.jpg,皖AJK825
000140.jpg,皖AJK825
000141.jpg,皖AJK825
000142.jpg,皖AJK825
000143.jpg,皖AJK825
000144.jpg,皖AJK825
000145.jpg,皖AJK825
000146.jpg,皖AJK825
000147.jpg,皖AJK825
000148.jpg,皖AJK825
000149.jpg,皖AJK825
000150.jpg,皖AJK825
000151.jpg,皖AJK825
000152.jpg,皖AJK825
000153.jpg,皖AJK825
000154.jpg,皖AJK825
000155.jpg,皖AJK825
000156.jpg,皖AJK825
000157.jpg,皖AJK825
000158.jpg,皖AJK825
000159.jpg,皖AJK825
000160.jpg,皖AJK825
000161.jpg,皖AJK825
000162.jpg,皖AJK825
000163.jpg,皖AJK825
000164.jpg,皖AJK825
000165.jpg,皖AJK825
000166.jpg,皖AJK825
000167.jpg,皖AJK825
000168.jpg,皖AJK825
000169.jpg,皖AJK825
000170.jpg,皖AJK825
000171.jpg,皖AJK825
000172.jpg,皖AJK825
000173.jpg,皖AJK825
000174.jpg,皖AJK825
000175.jpg,皖AJK825
000176.jpg,皖AJK825
000177.jpg,皖AJK825
000178.jpg,皖AJK825
000179.jpg,皖AJK825
000180.jpg,皖AJK825
000181.jpg,皖AJK825
000182.jpg,皖AJK825
000183.jpg,皖AJK825
000184.jpg,皖AJK825
000185.jpg,皖AJK825
000186.jpg,皖AJK825
000187.jpg,皖AJK825
000188.jpg,皖AJK825
000189.jpg,皖AJK825
000190.jpg,皖AJK825
000191.jpg,皖AJK825
000192.jpg,皖AJK825
000193.jpg,皖AJK825
000194.jpg,皖AJK825
000195.jpg,皖AJK825
000196.jpg,皖AJK825
000197.jpg,皖AJK825
000198.jpg,皖AJK825
000199.jpg,皖AJK825
000200.jpg,皖AJK825
000201.jpg,皖AJK825
000202.jpg,皖AJK825
000203.jpg,皖AJK825
000204.jpg,皖AJK825
000205.jpg,皖AJK825
000206.jpg,皖AJK825
000207.jpg,皖AJK825
000208.jpg,皖AJK825
000209.jpg,皖AJK825
000210.jpg,皖AJK825
000211.jpg,皖AJK825
000212.jpg,皖AJK825
000213.jpg,皖AJK825
000214.jpg,皖AJK825
000215.jpg,皖AJK825
000216.jpg,皖AJK825
000217.jpg,皖AJK825
000218.jpg,皖AJK825
000219.jpg,皖AJK825
000220.jpg,皖AJK825
000221.jpg,皖AJK825
000222.jpg,皖AJK825
000223.jpg,皖AJK825
000224.jpg,皖AJK825
000225.jpg,皖AJK825
000226.jpg,皖AJK825
000227.jpg,皖AJK825
000228.jpg,皖AJK825
000229.jpg,皖AJK825
000230.jpg,皖AJK825
000231.jpg,皖AJK825
000232.jpg,皖AJK825
000233.jpg,皖AJK825
000234.jpg,皖AJK825
000235.jpg,皖AJK825
000236.jpg,皖AJK825
000237.jpg,皖AJK825
000238.jpg,皖AJK825
000239.jpg,皖AJK825
000240.jpg,皖AJK825
000241.jpg,皖AJK825
000242.jpg,皖AJK825
000243.jpg,皖AJK825
000244.jpg,皖AJK825
000245.jpg,皖AJK825
000246.jpg,皖AJK825
000247.jpg,皖AJK825
000248.jpg,皖AJK825
000249.jpg,皖AJK825
000250.jpg,皖AJK825
000251.jpg,皖AJK825
000252.jpg,皖AJK825
000253.jpg,皖AJK825
000254.jpg,皖AJK825
000255.jpg,皖AJK825
000256.jpg,皖AJK825
000257.jpg,皖AJK825
000258.jpg,皖AJK825
000259.jpg,皖AJK825
000260.jpg,皖AJK825
000261.jpg,皖AJK825
000262.jpg,皖AJK825
000263.jpg,皖AJK825
000264.jpg,皖AJK825
000265.jpg,皖AJK825
000266.jpg,皖AJK825
000267.jpg,皖AJK825
000268.jpg,皖AJK825
000269.jpg,皖AJK825
000270.jpg,皖AJK825
000271.jpg,皖AJK825
000272.jpg,皖AJK825
000273.jpg,皖AJK825
000274.jpg,皖AJK825
000275.jpg,皖AJK825
000276.jpg,皖AJK825
000277.jpg,皖AJK825
000278.jpg,皖AJK825
000279.jpg,皖AJK825
000280.jpg,皖AJK825
000281.jpg,皖AJK825
000282.jpg,皖AJK825
000283.jpg,皖AJK825
000284.jpg,皖AJK825
000285.jpg,皖AJK825
000286.jpg,皖AJK825
000287.jpg,皖AJK825
000288.jpg,皖AJK825
000289.jpg,皖AJK825
000290.jpg,皖AJK825
000291.jpg,皖AJK825
000292.jpg,皖AJK825
000293.jpg,皖AJK825
000294.jpg,皖AJK825
000295.jpg,皖AJK825
000296.jpg,皖AJK825
000297.jpg,皖AJK825
000298.jpg,皖AJK825
000299.jpg,皖AJK825
000300.jpg,皖AJK825
000301.jpg,皖AJK825
000302.jpg,皖AJK825
000303.jpg,皖AJK825
000304.jpg,皖AJK825
000305.jpg,皖AJK825
000306.jpg,皖AJK825
000307.jpg,皖AJK825
000308.jpg,皖AJK825
000309.jpg,皖AJK825
000310.jpg,皖AJK825
000311.jpg,皖AJK825
000312.jpg,皖AJK825
000313.jpg,皖AJK825
000314.jpg,皖AJK825
000315.jpg,皖AJK825
000316.jpg,皖AJK825
000317.jpg,皖AJK825
000318.jpg,皖AJK825
000319.jpg,皖AJK825
000320.jpg,皖AJK825
000321.jpg,皖AJK825
000322.jpg,皖AJK825
000323.jpg,皖AJK825
000324.jpg,皖AJK825
000325.jpg,皖AJK825
000326.jpg,皖AJK825
000327.jpg,皖AJK825
000328.jpg,皖AJK825
000329.jpg,皖AJK825
000330.jpg,皖AJK825
000331.jpg,皖AJK825
000332.jpg,皖AJK825
000333.jpg,皖AJK825
000334.jpg,皖AJK825
000335.jpg,皖AJK825
000336.jpg,皖AJK825
000337.jpg,皖AJK825
000338.jpg,皖AJK825
000339.jpg,皖AJK825
000340.jpg,皖AJK825
000341.jpg,皖AJK825
000342.jpg,皖AJK825
000343.jpg,皖AJK825
000344.jpg,皖AJK825
000345.jpg,皖AJK825
000346.jpg,皖AJK825
000347.jpg,皖AJK825
000348.jpg,皖AJK825
000349.jpg,皖AJK825
000350.jpg,皖AJK825
000351.jpg,皖AJK825
000352.jpg,皖AJK825
000353.jpg,皖AJK825
000354.jpg,皖AJK825
000355.jpg,皖AJK825
000356.jpg,皖AJK825
000357.jpg,皖AJK825
000358.jpg,皖AJK825
000359.jpg,皖AJK825
000360.jpg,皖AJK825
000361.jpg,皖AJK825
000362.jpg,皖AJK825
000363.jpg,皖AJK825
000364.jpg,皖AJK825
000365.jpg,皖AJK825
000366.jpg,皖AJK825
000367.jpg,皖AJK825
000368.jpg,皖AJK825
000369.jpg,皖AJK825
000370.jpg,皖AJK825
000371.jpg,皖AJK825
000372.jpg,皖AJK825
000373.jpg,皖AJK825
000374.jpg,皖AJK825
000375.jpg,皖AJK825
000376.jpg,皖AJK825
000377.jpg,皖AJK825
000378.jpg,皖AJK825
000379.jpg,皖AJK825
000380.jpg,皖AJK825
000381.jpg,皖AJK825
000382.jpg,皖AJK825
000383.jpg,皖AJK825
000384.jpg,皖AJK825
000385.jpg,皖AJK825
000386.jpg,皖AJK825
000387.jpg,皖AJK825
000388.jpg,皖AJK825
000389.jpg,皖AJK825
000390.jpg,皖AJK825
000391.jpg,皖AJK825
000392.jpg,皖AJK825
000393.jpg,皖AJK825
000394.jpg,皖AJK825
000395.jpg,皖AJK825
000396.jpg,皖AJK825
000397.jpg,皖AJK825
000398.jpg,皖AJK825
000399.jpg,皖AJK825
000400.jpg,皖AJK825
000401.jpg,皖AJK825
000402.jpg,皖AJK825
000403.jpg,皖AJK825
000404.jpg,皖AJK825
000405.jpg,皖AJK825
000406.jpg,皖AJK825
000407.jpg,皖AJK825
000408.jpg,皖AJK825
000409.jpg,皖AJK825
000410.jpg,皖AJK825
000411.jpg,皖AJK825
000412.jpg,皖AJK825
000413.jpg,皖AJK825
000414.jpg,皖AJK825
000415.jpg,皖AJK825
000416.jpg,皖AJK825
000417.jpg,皖AJK825
000418.jpg,皖AJK825
000419.jpg,皖AJK825
000420.jpg,皖AJK825
000421.jpg,皖AJK825
000422.jpg,皖AJK825
000423.jpg,皖AJK825
000424.jpg,皖AJK825
000425.jpg,皖AJK825
000426.jpg,皖AJK825
000427.jpg,皖AJK825
000428.jpg,皖AJK825
000429.jpg,皖AJK825
000430.jpg,皖AJK825
000431.jpg,皖AJK825
000432.jpg,皖AJK825
000433.jpg,皖AJK825
000434.jpg,皖AJK825
000435.jpg,皖AJK825
000436.jpg,皖AJK825
000437.jpg,皖AJK825
000438.jpg,皖AJK825
000439.jpg,皖AJK825
000440.jpg,皖AJK825
000441.jpg,皖AJK825
000442.jpg,皖AJK825
000443.jpg,皖AJK825
000444.jpg,皖AJK825
000445.jpg,皖AJK825
000446.jpg,皖AJK825
000447.jpg,皖AJK825
000448.jpg,皖AJK825
000449.jpg,皖AJK825
000450.jpg,皖AJK825
000451.jpg,皖AJK825
000452.jpg,皖AJK825
000453.jpg,皖AJK825
000454.jpg,皖AJK825
000455.jpg,皖AJK825
000456.jpg,皖AJK825
000457.jpg,皖AJK825
000458.jpg,皖AJK825
000459.jpg,皖AJK825
000460.jpg,皖AJK825
000461.jpg,皖AJK825
000462.jpg,皖AJK825
000463.jpg,皖AJK825
000464.jpg,皖AJK825
000465.jpg,皖AJK825
000466.jpg,皖AJK825
000467.jpg,皖AJK825
000468.jpg,皖AJK825
000469.jpg,皖AJK825
000470.jpg,皖AJK825
000471.jpg,皖AJK825
000472.jpg,皖AJK825
000473.jpg,皖AJK825
000474.jpg,皖AJK825
000475.jpg,皖AJK825
000476.jpg,皖AJK825
000477.jpg,皖AJK825
000478.jpg,皖AJK825
000479.jpg,皖AJK825
000480.jpg,皖AJK825
000481.jpg,皖AJK825
000482.jpg,皖AJK825
000483.jpg,皖AJK825
000484.jpg,皖AJK825
000485.jpg,皖AJK825
000486.jpg,皖AJK825
000487.jpg,皖AJK825
000488.jpg,皖AJK825
000489.jpg,皖AJK825
000490.jpg,皖AJK825
000491.jpg,皖AJK825
000492.jpg,皖AJK825
000493.jpg,皖AJK825
000494.jpg,皖AJK825
000495.jpg,皖AJK825
000496.jpg,皖AJK825
000497.jpg,皖AJK825
000498.jpg,皖AJK825
000499.jpg,皖AJK825
000500.jpg,皖AJK825
000501.jpg,皖AJK825
000502.jpg,皖AJK825
000503.jpg,皖AJK825
000504.jpg,皖AJK825
000505.jpg,皖AJK825
000506.jpg,皖AJK825
000507.jpg,皖AJK825
000508.jpg,皖AJK825
000509.jpg,皖AJK825
000510.jpg,皖AJK825
000511.jpg,皖AJK825
000512.jpg,皖AJK825
000513.jpg,皖AJK825
000514.jpg,皖AJK825
000515.jpg,皖AJK825
000516.jpg,皖AJK825
000517.jpg,皖AJK825
000518.jpg,皖AJK825
000519.jpg,皖AJK825
000520.jpg,皖AJK825
000521.jpg,皖AJK825
000522.jpg,皖AJK825
000523.jpg,皖AJK825
000524.jpg,皖AJK825
000525.jpg,皖AJK825
000526.jpg,皖AJK825
000527.jpg,皖AJK825
000528.jpg,皖AJK825
000529.jpg,皖AJK825
000530.jpg,皖AJK825
000531.jpg,皖AJK825
000532.jpg,皖AJK825
000533.jpg,皖AJK825
000534.jpg,皖AJK825
000535.jpg,皖AJK825
000536.jpg,皖AJK825
000537.jpg,皖AJK825
000538.jpg,皖AJK825
000539.jpg,皖AJK825
000540.jpg,皖AJK825
000541.jpg,皖AJK825
000542.jpg,皖AJK825
000543.jpg,皖AJK825
000544.jpg,皖AJK825
000545.jpg,皖AJK825
000546.jpg,皖AJK825
000547.jpg,皖AJK825
000548.jpg,皖AJK825
000549.jpg,皖AJK825
000550.jpg,皖AJK825
000551.jpg,皖AJK825
000552.jpg,皖AJK825
000553.jpg,皖AJK825
000554.jpg,皖AJK825
000555.jpg,皖AJK825
000556.jpg,皖AJK825
000557.jpg,皖AJK825
000558.jpg,皖AJK825
000559.jpg,皖AJK825
000560.jpg,皖AJK825
000561.jpg,皖AJK825
000562.jpg,皖AJK825
000563.jpg,皖AJK825
000564.jpg,皖AJK825
000565.jpg,皖AJK825
000566.jpg,皖AJK825
000567.jpg,皖AJK825
000568.jpg,皖AJK825
000569.jpg,皖AJK825
000570.jpg,皖AJK825
000571.jpg,皖AJK825
000572.jpg,皖AJK825
000573.jpg,皖AJK825
000574.jpg,皖AJK825
000575.jpg,皖AJK825
000576.jpg,皖AJK825
000577.jpg,皖AJK825
000578.jpg,皖AJK825
000579.jpg,皖AJK825
000580.jpg,皖AJK825
000581.jpg,皖AJK825
000582.jpg,皖AJK825
000583.jpg,皖AJK825
000584.jpg,皖AJK825
000585.jpg,皖AJK825
000586.jpg,皖AJK825
000587.jpg,皖AJK825
000588.jpg,皖AJK825
000589.jpg,皖AJK825
000590.jpg,皖AJK825
000591.jpg,皖AJK825
000592.jpg,皖AJK825
000593.jpg,皖AJK825
000594.jpg,皖AJK825
000595.jpg,皖AJK825
000596.jpg,皖AJK825
000597.jpg,皖AJK825
000598.jpg,皖AJK825
000599.jpg,皖AJK825
000600.jpg,皖AJK825
000601.jpg,皖AJK825
000602.jpg,皖AJK825
000603.jpg,皖AJK825
000604.jpg,皖AJK825
000605.jpg,皖AJK825
000606.jpg,皖AJK825
000607.jpg,皖AJK825
000608.jpg,皖AJK825
000609.jpg,皖AJK825
000610.jpg,皖AJK825
000611.jpg,皖AJK825
000612.jpg,皖AJK825
000613.jpg,皖AJK825
000614.jpg,皖AJK825
000615.jpg,皖AJK825
000616.jpg,皖AJK825
000617.jpg,皖AJK825
000618.jpg,皖AJK825
000619.jpg,皖AJK825
000620.jpg,皖AJK825
000621.jpg,皖AJK825
000622.jpg,皖AJK825
000623.jpg,皖AJK825
000624.jpg,皖AJK825
000625.jpg,皖AJK825
000626.jpg,皖AJK825
000627.jpg,皖AJK825
000628.jpg,皖AJK825
000629.jpg,皖AJK825
000630.jpg,皖AJK825
000631.jpg,皖AJK825
000632.jpg,皖AJK825
000633.jpg,皖AJK825
000634.jpg,皖AJK825
000635.jpg,皖AJK825
000636.jpg,皖AJK825
000637.jpg,皖AJK825
000638.jpg,皖AJK825
000639.jpg,皖AJK825
000640.jpg,皖AJK825
000641.jpg,皖AJK825
000642.jpg,皖AJK825
000643.jpg,皖AJK825
000644.jpg,皖AJK825
000645.jpg,皖AJK825
000646.jpg,皖AJK825
000647.jpg,皖AJK825
000648.jpg,皖AJK825
000649.jpg,皖AJK825
000650.jpg,皖AJK825
000651.jpg,皖AJK825
000652.jpg,皖AJK825
000653.jpg,皖AJK825
000654.jpg,皖AJK825
000655.jpg,皖AJK825
000656.jpg,皖AJK825
000657.jpg,皖AJK825
000658.jpg,皖AJK825
000659.jpg,皖AJK825
000660.jpg,皖AJK825
000661.jpg,皖AJK825
000662.jpg,皖AJK825
000663.jpg,皖AJK825
000664.jpg,皖AJK825
000665.jpg,皖AJK825
000666.jpg,皖AJK825
000667.jpg,皖AJK825
000668.jpg,皖AJK825
000669.jpg,皖AJK825
000670.jpg,皖AJK825
000671.jpg,皖AJK825
000672.jpg,皖AJK825
000673.jpg,皖AJK825
000674.jpg,皖AJK825
000675.jpg,皖AJK825
000676.jpg,皖AJK825
000677.jpg,皖AJK825
000678.jpg,皖AJK825
000679.jpg,皖AJK825
000680.jpg,皖AJK825
000681.jpg,皖AJK825
000682.jpg,皖AJK825
000683.jpg,皖AJK825
000684.jpg,皖AJK825
000685.jpg,皖AJK825
000686.jpg,皖AJK825
000687.jpg,皖AJK825
000688.jpg,皖AJK825
000689.jpg,皖AJK825
000690.jpg,皖AJK825
000691.jpg,皖AJK825
000692.jpg,皖AJK825
000693.jpg,皖AJK825
000694.jpg,皖AJK825
000695.jpg,皖AJK825
000696.jpg,皖AJK825
000697.jpg,皖AJK825
000698.jpg,皖AJK825
000699.jpg,皖AJK825
000700.jpg,皖AJK825
000701.jpg,皖AJK825
000702.jpg,皖AJK825
000703.jpg,皖AJK825
000704.jpg,皖AJK825
000705.jpg,皖AJK825
000706.jpg,皖AJK825
000707.jpg,皖AJK825
000708.jpg,皖AJK825
000709.jpg,皖AJK825
000710.jpg,皖AJK825
000711.jpg,皖AJK825
000712.jpg,皖AJK825
000713.jpg,皖AJK825
000714.jpg,皖AJK825
000715.jpg,皖AJK825
000716.jpg,皖AJK825
000717.jpg,皖AJK825
000718.jpg,皖AJK825
000719.jpg,皖AJK825
000720.jpg,皖AJK825
000721.jpg,皖AJK825
000722.jpg,皖AJK825
000723.jpg,皖AJK825
000724.jpg,皖AJK825
000725.jpg,皖AJK825
000726.jpg,皖AJK825
000727.jpg,皖AJK825
000728.jpg,皖AJK825
000729.jpg,皖AJK825
000730.jpg,皖AJK825
000731.jpg,皖AJK825
000732.jpg,皖AJK825
000733.jpg,皖AJK825
000734.jpg,皖AJK825
000735.jpg,皖AJK825
000736.jpg,皖AJK825
000737.jpg,皖AJK825
000738.jpg,皖AJK825
000739.jpg,皖AJK825
000740.jpg,皖AJK825
000741.jpg,皖AJK825
000742.jpg,皖AJK825
000743.jpg,皖AJK825
000744.jpg,皖AJK825
000745.jpg,皖AJK825
000746.jpg,皖AJK825
000747.jpg,皖AJK825
000748.jpg,皖AJK825
000749.jpg,皖AJK825
000750.jpg,皖AJK825
000751.jpg,皖AJK825
000752.jpg,皖AJK825
000753.jpg,皖AJK825
000754.jpg,皖AJK825
000755.jpg,皖AJK825
000756.jpg,皖AJK825
000757.jpg,皖AJK825
000758.jpg,皖AJK825
000759.jpg,皖AJK825
000760.jpg,皖AJK825
000761.jpg,皖AJK825
000762.jpg,皖AJK825
000763.jpg,皖AJK825
000764.jpg,皖AJK825
000765.jpg,皖AJK825
000766.jpg,皖AJK825
000767.jpg,皖AJK825
000768.jpg,皖AJK825
000769.jpg,皖AJK825
000770.jpg,皖AJK825
000771.jpg,皖AJK825
000772.jpg,皖AJK825
000773.jpg,皖AJK825
000774.jpg,皖AJK825
000775.jpg,皖AJK825
000776.jpg,皖AJK825
000777.jpg,皖AJK825
000778.jpg,皖AJK825
000779.jpg,皖AJK825
000780.jpg,皖AJK825
000781.jpg,皖AJK825
000782.jpg,皖AJK825
000783.jpg,皖AJK825
000784.jpg,皖AJK825
000785.jpg,皖AJK825
000786.jpg,皖AJK825
000787.jpg,皖AJK825
000788.jpg,皖AJK825
000789.jpg,皖AJK825
000790.jpg,皖AJK825
000791.jpg,皖AJK825
000792.jpg,皖AJK825
000793.jpg,皖AJK825
000794.jpg,皖AJK825
000795.jpg,皖AJK825
000796.jpg,皖AJK825
000797.jpg,皖AJK825
000798.jpg,皖AJK825
000799.jpg,皖AJK825
000800.jpg,皖AJK825
000801.jpg,皖AJK825
000802.jpg,皖AJK825
000803.jpg,皖AJK825
000804.jpg,皖AJK825
000805.jpg,皖AJK825
000806.jpg,皖AJK825
000807.jpg,皖AJK825
000808.jpg,皖AJK825
000809.jpg,皖AJK825
000810.jpg,皖AJK825
000811.jpg,皖AJK825
000812.jpg,皖AJK825
000813.jpg,皖AJK825
000814.jpg,皖AJK825
000815.jpg,皖AJK825
000816.jpg,皖AJK825
000817.jpg,皖AJK825
000818.jpg,皖AJK825
000819.jpg,皖AJK825
000820.jpg,皖AJK825
000821.jpg,皖AJK825
000822.jpg,皖AJK825
000823.jpg,皖AJK825
000824.jpg,皖AJK825
000825.jpg,皖AJK825
000826.jpg,皖AJK825
000827.jpg,皖AJK825
000828.jpg,皖AJK825
000829.jpg,皖AJK825
000830.jpg,皖AJK825
000831.jpg,皖AJK825
000832.jpg,皖AJK825
000833.jpg,皖AJK825
000834.jpg,皖AJK825
000835.jpg,皖AJK825
000836.jpg,皖AJK825
000837.jpg,皖AJK825
000838.jpg,皖AJK825
000839.jpg,皖AJK825
000840.jpg,皖AJK825
000841.jpg,皖AJK825
000842.jpg,皖AJK825
000843.jpg,皖AJK825
000844.jpg,皖AJK825
000845.jpg,皖AJK825
000846.jpg,皖AJK825
000847.jpg,皖AJK825
000848.jpg,皖AJK825
000849.jpg,皖AJK825
000850.jpg,皖AJK825
000851.jpg,皖AJK825
000852.jpg,皖AJK825
000853.jpg,皖AJK825
000854.jpg,皖AJK825
000855.jpg,皖AJK825
000856.jpg,皖AJK825
000857.jpg,皖AJK825
000858.jpg,皖AJK825
000859.jpg,皖AJK825
000860.jpg,皖AJK825
000861.jpg,皖AJK825
000862.jpg,皖AJK825
000863.jpg,皖AJK825
000864.jpg,皖AJK825
000865.jpg,皖AJK825
000866.jpg,皖AJK825
000867.jpg,皖AJK825
000868.jpg,皖AJK825
000869.jpg,皖AJK825
000870.jpg,皖AJK825
000871.jpg,皖AJK825
000872.jpg,皖AJK825
000873.jpg,皖AJK825
000874.jpg,皖AJK825
000875.jpg,皖AJK825
000876.jpg,皖AJK825
000877.jpg,皖AJK825
000878.jpg,皖AJK825
000879.jpg,皖AJK825
000880.jpg,皖AJK825
000881.jpg,皖AJK825
000882.jpg,皖AJK825
000883.jpg,皖AJK825
000884.jpg,皖AJK825
000885.jpg,皖AJK825
000886.jpg,皖AJK825
000887.jpg,皖AJK825
000888.jpg,皖AJK825
000889.jpg,皖AJK825
000890.jpg,皖AJK825
000891.jpg,皖AJK825
000892.jpg,皖AJK825
000893.jpg,皖AJK825
000894.jpg,皖AJK825
000895.jpg,皖AJK825
000896.jpg,皖AJK825
000897.jpg,皖AJK825
000898.jpg,皖AJK825
000899.jpg,皖AJK825
000900.jpg,皖AJK825
000901.jpg,皖AJK825
000902.jpg,皖AJK825
000903.jpg,皖AJK825
000904.jpg,皖AJK825
000905.jpg,皖AJK825
000906.jpg,皖AJK825
000907.jpg,皖AJK825
000908.jpg,皖AJK825
000909.jpg,皖AJK825
000910.jpg,皖AJK825
000911.jpg,皖AJK825
000912.jpg,皖AJK825
000913.jpg,皖AJK825
000914.jpg,皖AJK825
000915.jpg,皖AJK825
000916.jpg,皖AJK825
000917.jpg,皖AJK825
000918.jpg,皖AJK825
000919.jpg,皖AJK825
000920.jpg,皖AJK825
000921.jpg,皖AJK825
000922.jpg,皖AJK825
000923.jpg,皖AJK825
000924.jpg,皖AJK825
000925.jpg,皖AJK825
000926.jpg,皖AJK825
000927.jpg,皖AJK825
000928.jpg,皖AJK825
000929.jpg,皖AJK825
000930.jpg,皖AJK825
000931.jpg,皖AJK825
000932.jpg,皖AJK825
000933.jpg,皖AJK825
000934.jpg,皖AJK825
000935.jpg,皖AJK825
000936.jpg,皖AJK825
000937.jpg,皖AJK825
000938.jpg,皖AJK825
000939.jpg,皖AJK825
000940.jpg,皖AJK825
000941.jpg,皖AJK825
000942.jpg,皖AJK825
000943.jpg,皖AJK825
000944.jpg,皖AJK825
000945.jpg,皖AJK825
000946.jpg,皖AJK825
000947.jpg,皖AJK825
000948.jpg,皖AJK825
000949.jpg,皖AJK825
000950.jpg,皖AJK825
000951.jpg,皖AJK825
000952.jpg,皖AJK825
000953.jpg,皖AJK825
000954.jpg,皖AJK825
000955.jpg,皖AJK825
000956.jpg,皖AJK825
000957.jpg,皖AJK825
000958.jpg,皖AJK825
000959.jpg,皖AJK825
000960.jpg,皖AJK825
000961.jpg,皖AJK825
000962.jpg,皖AJK825
000963.jpg,皖AJK825
000964.jpg,皖AJK825
000965.jpg,皖AJK825
000966.jpg,皖AJK825
000967.jpg,皖AJK825
000968.jpg,皖AJK825
000969.jpg,皖AJK825
000970.jpg,皖AJK825
000971.jpg,皖AJK825
000972.jpg,皖AJK825
000973.jpg,皖AJK825
000974.jpg,皖AJK825
000975.jpg,皖AJK825
000976.jpg,皖AJK825
000977.jpg,皖AJK825
000978.jpg,皖AJK825
000979.jpg,皖AJK825
000980.jpg,皖AJK825
000981.jpg,皖AJK825
000982.jpg,皖AJK825
000983.jpg,皖AJK825
000984.jpg,皖AJK825
000985.jpg,皖AJK825
000986.jpg,皖AJK825
000987.jpg,皖AJK825
000988.jpg,皖AJK825
000989.jpg,皖AJK825
000990.jpg,皖AJK825
000991.jpg,皖AJK825
000992.jpg,皖AJK825
000993.jpg,皖AJK825
000994.jpg,皖AJK825
000995.jpg,皖AJK825
000996.jpg,皖AJK825
000997.jpg,皖AJK825
000998.jpg,皖AJK825
000999.jpg,皖AJK825
001000.jpg,皖AJK825
001001.jpg,皖AJK825
001002.jpg,皖AJK825
001003.jpg,皖AJK825
001004.jpg,皖AJK825
001005.jpg,皖AJK825
001006.jpg,皖AJK825
001007.jpg,皖AJK825
001008.jpg,皖AJK825
001009.jpg,皖AJK825
001010.jpg,皖AJK825
001011.jpg,皖AJK825
001012.jpg,皖AJK825
001013.jpg,皖AJK825
001014.jpg,皖AJK825
001015.jpg,皖AJK825
001016.jpg,皖AJK825
001017.jpg,皖AJK825
001018.jpg,皖AJK825
001019.jpg,皖AJK825
001020.jpg,皖AJK825
001021.jpg,皖AJK825
001022.jpg,皖AJK825
001023.jpg,皖AJK825
001024.jpg,皖AJK825
001025.jpg,皖AJK825
001026.jpg,皖AJK825
001027.jpg,皖AJK825
001028.jpg,皖AJK825
001029.jpg,皖AJK825
001030.jpg,皖AJK825
001031.jpg,皖AJK825
001032.jpg,皖AJK825
001033.jpg,皖AJK825
001034.jpg,皖AJK825
001035.jpg,皖AJK825
001036.jpg,皖AJK825
001037.jpg,皖AJK825
001038.jpg,皖AJK825
001039.jpg,皖AJK825
001040.jpg,皖AJK825
001041.jpg,皖AJK825
001042.jpg,皖AJK825
001043.jpg,皖AJK825
001044.jpg,皖AJK825
001045.jpg,皖AJK825
001046.jpg,皖AJK825
001047.jpg,皖AJK825
001048.jpg,皖AJK825
001049.jpg,皖AJK825
001050.jpg,皖AJK825
001051.jpg,皖AJK825
001052.jpg,皖AJK825
001053.jpg,皖AJK825
001054.jpg,皖AJK825
001055.jpg,皖AJK825
001056.jpg,皖AJK825
001057.jpg,皖AJK825
001058.jpg,皖AJK825
001059.jpg,皖AJK825
001060.jpg,皖AJK825
001061.jpg,皖AJK825
001062.jpg,皖AJK825
001063.jpg,皖AJK825
001064.jpg,皖AJK825
001065.jpg,皖AJK825
001066.jpg,皖AJK825
001067.jpg,皖AJK825
001068.jpg,皖AJK825
001069.jpg,皖AJK825
001070.jpg,皖AJK825
001071.jpg,皖AJK825
001072.jpg,皖AJK825
001073.jpg,皖AJK825
001074.jpg,皖AJK825
001075.jpg,皖AJK825
001076.jpg,皖AJK825
001077.jpg,皖AJK825
001078.jpg,皖AJK825
001079.jpg,皖AJK825
001080.jpg,皖AJK825
001081.jpg,皖AJK825
001082.jpg,皖AJK825
001083.jpg,皖AJK825
001084.jpg,皖AJK825
001085.jpg,皖AJK825
001086.jpg,皖AJK825
001087.jpg,皖AJK825
001088.jpg,皖AJK825
001089.jpg,皖AJK825
001090.jpg,皖AJK825
001091.jpg,皖AJK825
001092.jpg,皖AJK825
001093.jpg,皖AJK825
001094.jpg,皖AJK825
001095.jpg,皖AJK825
001096.jpg,皖AJK825
001097.jpg,皖AJK825
001098.jpg,皖AJK825
001099.jpg,皖AJK825
001100.jpg,皖AJK825
001101.jpg,皖AJK825
001102.jpg,皖AJK825
001103.jpg,皖AJK825
001104.jpg,皖AJK825
001105.jpg,皖AJK825
001106.jpg,皖AJK825
001107.jpg,皖AJK825
001108.jpg,皖AJK825
001109.jpg,皖AJK825
001110.jpg,皖AJK825
001111.jpg,皖AJK825
001112.jpg,皖AJK825
001113.jpg,皖AJK825
001114.jpg,皖AJK825
001115.jpg,皖AJK825
001116.jpg,皖AJK825
001117.jpg,皖AJK825
001118.jpg,皖AJK825
001119.jpg,皖AJK825
001120.jpg,皖AJK825
001121.jpg,皖AJK825
001122.jpg,皖AJK825
001123.jpg,皖AJK825
001124.jpg,皖AJK825
001125.jpg,皖AJK825
001126.jpg,皖AJK825
001127.jpg,皖AJK825
001128.jpg,皖AJK825
001129.jpg,皖AJK825
001130.jpg,皖AJK825
001131.jpg,皖AJK825
001132.jpg,皖AJK825
001133.jpg,皖AJK825
001134.jpg,皖AJK825
001135.jpg,皖AJK825
001136.jpg,皖AJK825
001137.jpg,皖AJK825
001138.jpg,皖AJK825
001139.jpg,皖AJK825
001140.jpg,皖AJK825
001141.jpg,皖AJK825
001142.jpg,皖AJK825
001143.jpg,皖AJK825
001144.jpg,皖AJK825
001145.jpg,皖AJK825
001146.jpg,皖AJK825
001147.jpg,皖AJK825
001148.jpg,皖AJK825
001149.jpg,皖AJK825
001150.jpg,皖AJK825
001151.jpg,皖AJK825
001152.jpg,皖AJK825
001153.jpg,皖AJK825
001154.jpg,皖AJK825
001155.jpg,皖AJK825
001156.jpg,皖AJK825
001157.jpg,皖AJK825
001158.jpg,皖AJK825
001159.jpg,皖AJK825
001160.jpg,皖AJK825
001161.jpg,皖AJK825
001162.jpg,皖AJK825
001163.jpg,皖AJK825
001164.jpg,皖AJK825
001165.jpg,皖AJK825
001166.jpg,皖AJK825
001167.jpg,皖AJK825
001168.jpg,皖AJK825
001169.jpg,皖AJK825
001170.jpg,皖AJK825
001171.jpg,皖AJK825
001172.jpg,皖AJK825
001173.jpg,皖AJK825
001174.jpg,皖AJK825
001175.jpg,皖AJK825
001176.jpg,皖AJK825
001177.jpg,皖AJK825
001178.jpg,皖AJK825
001179.jpg,皖AJK825
001180.jpg,皖AJK825
001181.jpg,皖AJK825
001182.jpg,皖AJK825
001183.jpg,皖AJK825
001184.jpg,皖AJK825
001185.jpg,皖AJK825
001186.jpg,皖AJK825
001187.jpg,皖AJK825
001188.jpg,皖AJK825
001189.jpg,皖AJK825
001190.jpg,皖AJK825
001191.jpg,皖AJK825
001192.jpg,皖AJK825
001193.jpg,皖AJK825
001194.jpg,皖AJK825
001195.jpg,皖AJK825
001196.jpg,皖AJK825
001197.jpg,皖AJK825
001198.jpg,皖AJK825
001199.jpg,皖AJK825
001200.jpg,皖AJK825
001201.jpg,皖AJK825
001202.jpg,皖AJK825
001203.jpg,皖AJK825
001204.jpg,皖AJK825
001205.jpg,皖AJK825
001206.jpg,皖AJK825
001207.jpg,皖AJK825
001208.jpg,皖AJK825
001209.jpg,皖AJK825
001210.jpg,皖AJK825
001211.jpg,皖AJK825
001212.jpg,皖AJK825
001213.jpg,皖AJK825
001214.jpg,皖AJK825
001215.jpg,皖AJK825
001216.jpg,皖AJK825
001217.jpg,皖AJK825
001218.jpg,皖AJK825
001219.jpg,皖AJK825
001220.jpg,皖AJK825
001221.jpg,皖AJK825
001222.jpg,皖AJK825
001223.jpg,皖AJK825
001224.jpg,皖AJK825
001225.jpg,皖AJK825
001226.jpg,皖AJK825
001227.jpg,皖AJK825
001228.jpg,皖AJK825
001229.jpg,皖AJK825
001230.jpg,皖AJK825
001231.jpg,皖AJK825
001232.jpg,皖AJK825
001233.jpg,皖AJK825
001234.jpg,皖AJK825
001235.jpg,皖AJK825
001236.jpg,皖AJK825
001237.jpg,皖AJK825
001238.jpg,皖AJK825
001239.jpg,皖AJK825
001240.jpg,皖AJK825
001241.jpg,皖AJK825
001242.jpg,皖AJK825
001243.jpg,皖AJK825
001244.jpg,皖AJK825
001245.jpg,皖AJK825
001246.jpg,皖AJK825
001247.jpg,皖AJK825
001248.jpg,皖AJK825
001249.jpg,皖AJK825
001250.jpg,皖AJK825
001251.jpg,皖AJK825
001252.jpg,皖AJK825
001253.jpg,皖AJK825
001254.jpg,皖AJK825
001255.jpg,皖AJK825
001256.jpg,皖AJK825
001257.jpg,皖AJK825
001258.jpg,皖AJK825
001259.jpg,皖AJK825
001260.jpg,皖AJK825
001261.jpg,皖AJK825
001262.jpg,皖AJK825
001263.jpg,皖AJK825
001264.jpg,皖AJK825
001265.jpg,皖AJK825
001266.jpg,皖AJK825
001267.jpg,皖AJK825
001268.jpg,皖AJK825
001269.jpg,皖AJK825
001270.jpg,皖AJK825
001271.jpg,皖AJK825
001272.jpg,皖AJK825
001273.jpg,皖AJK825
001274.jpg,皖AJK825
001275.jpg,皖AJK825
001276.jpg,皖AJK825
001277.jpg,皖AJK825
001278.jpg,皖AJK825
001279.jpg,皖AJK825
001280.jpg,皖AJK825
001281.jpg,皖AJK825
001282.jpg,皖AJK825
001283.jpg,皖AJK825
001284.jpg,皖AJK825
001285.jpg,皖AJK825
001286.jpg,皖AJK825
001287.jpg,皖AJK825
001288.jpg,皖AJK825
001289.jpg,皖AJK825
001290.jpg,皖AJK825
001291.jpg,皖AJK825
001292.jpg,皖AJK825
001293.jpg,皖AJK825
001294.jpg,皖AJK825
001295.jpg,皖AJK825
001296.jpg,皖AJK825
001297.jpg,皖AJK825
001298.jpg,皖AJK825
001299.jpg,皖AJK825
001300.jpg,皖AJK825
001301.jpg,皖AJK825
001302.jpg,皖AJK825
001303.jpg,皖AJK825
001304.jpg,皖AJK825
001305.jpg,皖AJK825
001306.jpg,皖AJK825
001307.jpg,皖AJK825
001308.jpg,皖AJK825
001309.jpg,皖AJK825
001310.jpg,皖AJK825
001311.jpg,皖AJK825
001312.jpg,皖AJK825
001313.jpg,皖AJK825
001314.jpg,皖AJK825
001315.jpg,皖AJK825
001316.jpg,皖AJK825
001317.jpg,皖AJK825
001318.jpg,皖AJK825
001319.jpg,皖AJK825
001320.jpg,皖AJK825
001321.jpg,皖AJK825
001322.jpg,皖AJK825
001323.jpg,皖AJK825
001324.jpg,皖AJK825
001325.jpg,皖AJK825
001326.jpg,皖AJK825
001327.jpg,皖AJK825
001328.jpg,皖AJK825
001329.jpg,皖AJK825
001330.jpg,皖AJK825
001331.jpg,皖AJK825
001332.jpg,皖AJK825
001333.jpg,皖AJK825
001334.jpg,皖AJK825
001335.jpg,皖AJK825
001336.jpg,皖AJK825
001337.jpg,皖AJK825
001338.jpg,皖AJK825
001339.jpg,皖AJK825
001340.jpg,皖AJK825
001341.jpg,皖AJK825
001342.jpg,皖AJK825
001343.jpg,皖AJK825
001344.jpg,皖AJK825
001345.jpg,皖AJK825
001346.jpg,皖AJK825
001347.jpg,皖AJK825
001348.jpg,皖AJK825
001349.jpg,皖AJK825
001350.jpg,皖AJK825
001351.jpg,皖AJK825
001352.jpg,皖AJK825
001353.jpg,皖AJK825
001354.jpg,皖AJK825
001355.jpg,皖AJK825
001356.jpg,皖AJK825
001357.jpg,皖AJK825
001358.jpg,皖AJK825
001359.jpg,皖AJK825
001360.jpg,皖AJK825
001361.jpg,皖AJK825
001362.jpg,皖AJK825
001363.jpg,皖AJK825
001364.jpg,皖AJK825
001365.jpg,皖AJK825
001366.jpg,皖AJK825
001367.jpg,皖AJK825
001368.jpg,皖AJK825
001369.jpg,皖AJK825
001370.jpg,皖AJK825
001371.jpg,皖AJK825
001372.jpg,皖AJK825
001373.jpg,皖AJK825
001374.jpg,皖AJK825
001375.jpg,皖AJK825
001376.jpg,皖AJK825
001377.jpg,皖AJK825
001378.jpg,皖AJK825
001379.jpg,皖AJK825
001380.jpg,皖AJK825
001381.jpg,皖AJK825
001382.jpg,皖AJK825
001383.jpg,皖AJK825
001384.jpg,皖AJK825
001385.jpg,皖AJK825
001386.jpg,皖AJK825
001387.jpg,皖AJK825
001388.jpg,皖AJK825
001389.jpg,皖AJK825
001390.jpg,皖AJK825
001391.jpg,皖AJK825
001392.jpg,皖AJK825
001393.jpg,皖AJK825
001394.jpg,皖AJK825
001395.jpg,皖AJK825
001396.jpg,皖AJK825
001397.jpg,皖AJK825
001398.jpg,皖AJK825
001399.jpg,皖AJK825
001400.jpg,皖AJK825
001401.jpg,皖AJK825
001402.jpg,皖AJK825
001403.jpg,皖AJK825
001404.jpg,皖AJK825
001405.jpg,皖AJK825
001406.jpg,皖AJK825
001407.jpg,皖AJK825
001408.jpg,皖AJK825
001409.jpg,皖AJK825
001410.jpg,皖AJK825
001411.jpg,皖AJK825
001412.jpg,皖AJK825
001413.jpg,皖AJK825
001414.jpg,皖AJK825
001415.jpg,皖AJK825
001416.jpg,皖AJK825
001417.jpg,皖AJK825
001418.jpg,皖AJK825
001419.jpg,皖AJK825
001420.jpg,皖AJK825
001421.jpg,皖AJK825
001422.jpg,皖AJK825
001423.jpg,皖AJK825
001424.jpg,皖AJK825
001425.jpg,皖AJK825
001426.jpg,皖AJK825
001427.jpg,皖AJK825
001428.jpg,皖AJK825
001429.jpg,皖AJK825
001430.jpg,皖AJK825
001431.jpg,皖AJK825
001432.jpg,皖AJK825
001433.jpg,皖AJK825
001434.jpg,皖AJK825
001435.jpg,皖AJK825
001436.jpg,皖AJK825
001437.jpg,皖AJK825
001438.jpg,皖AJK825
001439.jpg,皖AJK825
001440.jpg,皖AJK825
001441.jpg,皖AJK825
001442.jpg,皖AJK825
001443.jpg,皖AJK825
001444.jpg,皖AJK825
001445.jpg,皖AJK825
001446.jpg,皖AJK825
001447.jpg,皖AJK825
001448.jpg,皖AJK825
001449.jpg,皖AJK825
001450.jpg,皖AJK825
001451.jpg,皖AJK825
001452.jpg,皖AJK825
001453.jpg,皖AJK825
001454.jpg,皖AJK825
001455.jpg,皖AJK825
001456.jpg,皖AJK825
001457.jpg,皖AJK825
001458.jpg,皖AJK825
001459.jpg,皖AJK825
001460.jpg,皖AJK825
001461.jpg,皖AJK825
001462.jpg,皖AJK825
001463.jpg,皖AJK825
001464.jpg,皖AJK825
001465.jpg,皖AJK825
001466.jpg,皖AJK825
001467.jpg,皖AJK825
001468.jpg,皖AJK825
001469.jpg,皖AJK825
001470.jpg,皖AJK825
001471.jpg,皖AJK825
001472.jpg,皖AJK825
001473.jpg,皖AJK825
001474.jpg,皖AJK825
001475.jpg,皖AJK825
001476.jpg,皖AJK825
001477.jpg,皖AJK825
001478.jpg,皖AJK825
001479.jpg,皖AJK825
001480.jpg,皖AJK825
001481.jpg,皖AJK825
001482.jpg,皖AJK825
001483.jpg,皖AJK825
001484.jpg,皖AJK825
001485.jpg,皖AJK825
001486.jpg,皖AJK825
001487.jpg,皖AJK825
001488.jpg,皖AJK825
001489.jpg,皖AJK825
001490.jpg,皖AJK825
001491.jpg,皖AJK825
001492.jpg,皖AJK825
001493.jpg,皖AJK825
001494.jpg,皖AJK825
001495.jpg,皖AJK825
001496.jpg,皖AJK825
001497.jpg,皖AJK825
001498.jpg,皖AJK825
001499.jpg,皖AJK825
001500.jpg,皖AJK825
001501.jpg,皖AJK825
001502.jpg,皖AJK825
001503.jpg,皖AJK825
001504.jpg,皖AJK825
001505.jpg,皖AJK825
001506.jpg,皖AJK825
001507.jpg,皖AJK825
001508.jpg,皖AJK825
001509.jpg,皖AJK825
001510.jpg,皖AJK825
001511.jpg,皖AJK825
001512.jpg,皖AJK825
001513.jpg,皖AJK825
001514.jpg,皖AJK825
001515.jpg,皖AJK825
001516.jpg,皖AJK825
001517.jpg,皖AJK825
001518.jpg,皖AJK825
001519.jpg,皖AJK825
001520.jpg,皖AJK825
001521.jpg,皖AJK825
001522.jpg,皖AJK825
001523.jpg,皖AJK825
001524.jpg,皖AJK825
001525.jpg,皖AJK825
001526.jpg,皖AJK825
001527.jpg,皖AJK825
001528.jpg,皖AJK825
001529.jpg,皖AJK825
001530.jpg,皖AJK825
001531.jpg,皖AJK825
001532.jpg,皖AJK825
001533.jpg,皖AJK825
001534.jpg,皖AJK825
001535.jpg,皖AJK825
001536.jpg,皖AJK825
001537.jpg,皖AJK825
001538.jpg,皖AJK825
001539.jpg,皖AJK825
001540.jpg,皖AJK825
001541.jpg,皖AJK825
001542.jpg,皖AJK825
001543.jpg,皖AJK825
001544.jpg,皖AJK825
001545.jpg,皖AJK825
001546.jpg,皖AJK825
001547.jpg,皖AJK825
001548.jpg,皖AJK825
001549.jpg,皖AJK825
001550.jpg,皖AJK825
001551.jpg,皖AJK825
001552.jpg,皖AJK825
001553.jpg,皖AJK825
001554.jpg,皖AJK825
001555.jpg,皖AJK825
001556.jpg,皖AJK825
001557.jpg,皖AJK825
001558.jpg,皖AJK825
001559.jpg,皖AJK825
001560.jpg,皖AJK825
001561.jpg,皖AJK825
001562.jpg,皖AJK825
001563.jpg,皖AJK825
001564.jpg,皖AJK825
001565.jpg,皖AJK825
001566.jpg,皖AJK825
001567.jpg,皖AJK825
001568.jpg,皖AJK825
001569.jpg,皖AJK825
001570.jpg,皖AJK825
001571.jpg,皖AJK825
001572.jpg,皖AJK825
001573.jpg,皖AJK825
001574.jpg,皖AJK825
001575.jpg,皖AJK825
001576.jpg,皖AJK825
001577.jpg,皖AJK825
001578.jpg,皖AJK825
001579.jpg,皖AJK825
001580.jpg,皖AJK825
001581.jpg,皖AJK825
001582.jpg,皖AJK825
001583.jpg,皖AJK825
001584.jpg,皖AJK825
001585.jpg,皖AJK825
001586.jpg,皖AJK825
001587.jpg,皖AJK825
001588.jpg,皖AJK825
001589.jpg,皖AJK825
001590.jpg,皖AJK825
001591.jpg,皖AJK825
001592.jpg,皖AJK825
001593.jpg,皖AJK825
001594.jpg,皖AJK825
001595.jpg,皖AJK825
001596.jpg,皖AJK825
001597.jpg,皖AJK825
001598.jpg,皖AJK825
001599.jpg,皖AJK825
001600.jpg,皖AJK825
001601.jpg,皖AJK825
001602.jpg,皖AJK825
001603.jpg,皖AJK825
001604.jpg,皖AJK825
001605.jpg,皖AJK825
001606.jpg,皖AJK825
001607.jpg,皖AJK825
001608.jpg,皖AJK825
001609.jpg,皖AJK825
001610.jpg,皖AJK825
001611.jpg,皖AJK825
001612.jpg,皖AJK825
001613.jpg,皖AJK825
001614.jpg,皖AJK825
001615.jpg,皖AJK825
001616.jpg,皖AJK825
001617.jpg,皖AJK825
001618.jpg,皖AJK825
001619.jpg,皖AJK825
001620.jpg,皖AJK825
001621.jpg,皖AJK825
001622.jpg,皖AJK825
001623.jpg,皖AJK825
001624.jpg,皖AJK825
001625.jpg,皖AJK825
001626.jpg,皖AJK825
001627.jpg,皖AJK825
001628.jpg,皖AJK825
001629.jpg,皖AJK825
001630.jpg,皖AJK825
001631.jpg,皖AJK825
001632.jpg,皖AJK825
001633.jpg,皖AJK825
001634.jpg,皖AJK825
001635.jpg,皖AJK825
001636.jpg,皖AJK825
001637.jpg,皖AJK825
001638.jpg,皖AJK825
001639.jpg,皖AJK825
001640.jpg,皖AJK825
001641.jpg,皖AJK825
001642.jpg,皖AJK825
001643.jpg,皖AJK825
001644.jpg,皖AJK825
001645.jpg,皖AJK825
001646.jpg,皖AJK825
001647.jpg,皖AJK825
001648.jpg,皖AJK825
001649.jpg,皖AJK825
001650.jpg,皖AJK825
001651.jpg,皖AJK825
001652.jpg,皖AJK825
001653.jpg,皖AJK825
001654.jpg,皖AJK825
001655.jpg,皖AJK825
001656.jpg,皖AJK825
001657.jpg,皖AJK825
001658.jpg,皖AJK825
001659.jpg,皖AJK825
001660.jpg,皖AJK825
001661.jpg,皖AJK825
001662.jpg,皖AJK825
001663.jpg,皖AJK825
001664.jpg,皖AJK825
001665.jpg,皖AJK825
001666.jpg,皖AJK825
001667.jpg,皖AJK825
001668.jpg,皖AJK825
001669.jpg,皖AJK825
001670.jpg,皖AJK825
001671.jpg,皖AJK825
001672.jpg,皖AJK825
001673.jpg,皖AJK825
001674.jpg,皖AJK825
001675.jpg,皖AJK825
001676.jpg,皖AJK825
001677.jpg,皖AJK825
001678.jpg,皖AJK825
001679.jpg,皖AJK825
001680.jpg,皖AJK825
001681.jpg,皖AJK825
001682.jpg,皖AJK825
001683.jpg,皖AJK825
001684.jpg,皖AJK825
001685.jpg,皖AJK825
001686.jpg,皖AJK825
001687.jpg,皖AJK825
001688.jpg,皖AJK825
001689.jpg,皖AJK825
001690.jpg,皖AJK825
001691.jpg,皖AJK825
001692.jpg,皖AJK825
001693.jpg,皖AJK825
001694.jpg,皖AJK825
001695.jpg,皖AJK825
001696.jpg,皖AJK825
001697.jpg,皖AJK825
001698.jpg,皖AJK825
001699.jpg,皖AJK825
001700.jpg,皖AJK825
001701.jpg,皖AJK825
001702.jpg,皖AJK825
001703.jpg,皖AJK825
001704.jpg,皖AJK825
001705.jpg,皖AJK825
001706.jpg,皖AJK825
001707.jpg,皖AJK825
001708.jpg,皖AJK825
001709.jpg,皖AJK825
001710.jpg,皖AJK825
001711.jpg,皖AJK825
001712.jpg,皖AJK825
001713.jpg,皖AJK825
001714.jpg,皖AJK825
001715.jpg,皖AJK825
001716.jpg,皖AJK825
001717.jpg,皖AJK825
001718.jpg,皖AJK825
001719.jpg,皖AJK825
001720.jpg,皖AJK825
001721.jpg,皖AJK825
001722.jpg,皖AJK825
001723.jpg,皖AJK825
001724.jpg,皖AJK825
001725.jpg,皖AJK825
001726.jpg,皖AJK825
001727.jpg,皖AJK825
001728.jpg,皖AJK825
001729.jpg,皖AJK825
001730.jpg,皖AJK825
001731.jpg,皖AJK825
001732.jpg,皖AJK825
001733.jpg,皖AJK825
001734.jpg,皖AJK825
001735.jpg,皖AJK825
001736.jpg,皖AJK825
001737.jpg,皖AJK825
001738.jpg,皖AJK825
001739.jpg,皖AJK825
001740.jpg,皖AJK825
001741.jpg,皖AJK825
001742.jpg,皖AJK825
001743.jpg,皖AJK825
001744.jpg,皖AJK825
001745.jpg,皖AJK825
001746.jpg,皖AJK825
001747.jpg,皖AJK825
001748.jpg,皖AJK825
001749.jpg,皖AJK825
001750.jpg,皖AJK825
001751.jpg,皖AJK825
001752.jpg,皖AJK825
001753.jpg,皖AJK825
001754.jpg,皖AJK825
001755.jpg,皖AJK825
001756.jpg,皖AJK825
001757.jpg,皖AJK825
001758.jpg,皖AJK825
001759.jpg,皖AJK825
001760.jpg,皖AJK825
001761.jpg,皖AJK825
001762.jpg,皖AJK825
001763.jpg,皖AJK825
001764.jpg,皖AJK825
001765.jpg,皖AJK825
001766.jpg,皖AJK825
001767.jpg,皖AJK825
001768.jpg,皖AJK825
001769.jpg,皖AJK825
001770.jpg,皖AJK825
001771.jpg,皖AJK825
001772.jpg,皖AJK825
001773.jpg,皖AJK825
001774.jpg,皖AJK825
001775.jpg,皖AJK825
001776.jpg,皖AJK825
001777.jpg,皖AJK825
001778.jpg,皖AJK825
001779.jpg,皖AJK825
001780.jpg,皖AJK825
001781.jpg,皖AJK825
001782.jpg,皖AJK825
001783.jpg,皖AJK825
001784.jpg,皖AJK825
001785.jpg,皖AJK825
001786.jpg,皖AJK825
001787.jpg,皖AJK825
001788.jpg,皖AJK825
001789.jpg,皖AJK825
001790.jpg,皖AJK825
001791.jpg,皖AJK825
001792.jpg,皖AJK825
001793.jpg,皖AJK825
001794.jpg,皖AJK825
001795.jpg,皖AJK825
001796.jpg,皖AJK825
001797.jpg,皖AJK825
001798.jpg,皖AJK825
001799.jpg,皖AJK825
001800.jpg,皖AJK825
001801.jpg,皖AJK825
001802.jpg,皖AJK825
001803.jpg,皖AJK825
001804.jpg,皖AJK825
001805.jpg,皖AJK825
001806.jpg,皖AJK825
001807.jpg,皖AJK825
001808.jpg,皖AJK825
001809.jpg,皖AJK825
001810.jpg,皖AJK825
001811.jpg,皖AJK825
001812.jpg,皖AJK825
001813.jpg,皖AJK825
001814.jpg,皖AJK825
001815.jpg,皖AJK825
001816.jpg,皖AJK825
001817.jpg,皖AJK825
001818.jpg,皖AJK825
001819.jpg,皖AJK825
001820.jpg,皖AJK825
001821.jpg,皖AJK825
001822.jpg,皖AJK825
001823.jpg,皖AJK825
001824.jpg,皖AJK825
001825.jpg,皖AJK825
001826.jpg,皖AJK825
001827.jpg,皖AJK825
001828.jpg,皖AJK825
001829.jpg,皖AJK825
001830.jpg,皖AJK825
001831.jpg,皖AJK825
001832.jpg,皖AJK825
001833.jpg,皖AJK825
001834.jpg,皖AJK825
001835.jpg,皖AJK825
001836.jpg,皖AJK825
001837.jpg,皖AJK825
001838.jpg,皖AJK825
001839.jpg,皖AJK825
001840.jpg,皖AJK825
001841.jpg,皖AJK825
001842.jpg,皖AJK825
001843.jpg,皖AJK825
001844.jpg,皖AJK825
001845.jpg,皖AJK825
001846.jpg,皖AJK825
001847.jpg,皖AJK825
001848.jpg,皖AJK825
001849.jpg,皖AJK825
001850.jpg,皖AJK825
001851.jpg,皖AJK825
001852.jpg,皖AJK825
001853.jpg,皖AJK825
001854.jpg,皖AJK825
001855.jpg,皖AJK825
001856.jpg,皖AJK825
001857.jpg,皖AJK825
001858.jpg,皖AJK825
001859.jpg,皖AJK825
001860.jpg,皖AJK825
001861.jpg,皖AJK825
001862.jpg,皖AJK825
001863.jpg,皖AJK825
001864.jpg,皖AJK825
001865.jpg,皖AJK825
001866.jpg,皖AJK825
001867.jpg,皖AJK825
001868.jpg,皖AJK825
001869.jpg,皖AJK825
001870.jpg,皖AJK825
001871.jpg,皖AJK825
001872.jpg,皖AJK825
001873.jpg,皖AJK825
001874.jpg,皖AJK825
001875.jpg,皖AJK825
001876.jpg,皖AJK825
001877.jpg,皖AJK825
001878.jpg,皖AJK825
001879.jpg,皖AJK825
001880.jpg,皖AJK825
001881.jpg,皖AJK825
001882.jpg,皖AJK825
001883.jpg,皖AJK825
001884.jpg,皖AJK825
001885.jpg,皖AJK825
001886.jpg,皖AJK825
001887.jpg,皖AJK825
001888.jpg,皖AJK825
001889.jpg,皖AJK825
001890.jpg,皖AJK825
001891.jpg,皖AJK825
001892.jpg,皖AJK825
001893.jpg,皖AJK825
001894.jpg,皖AJK825
001895.jpg,皖AJK825
001896.jpg,皖AJK825
001897.jpg,皖AJK825
001898.jpg,皖AJK825
001899.jpg,皖AJK825
001900.jpg,皖AJK825
001901.jpg,皖AJK825
001902.jpg,皖AJK825
001903.jpg,皖AJK825
001904.jpg,皖AJK825
001905.jpg,皖AJK825
001906.jpg,皖AJK825
001907.jpg,皖AJK825
001908.jpg,皖AJK825
001909.jpg,皖AJK825
001910.jpg,皖AJK825
001911.jpg,皖AJK825
001912.jpg,皖AJK825
001913.jpg,皖AJK825
001914.jpg,皖AJK825
001915.jpg,皖AJK825
001916.jpg,皖AJK825
001917.jpg,皖AJK825
001918.jpg,皖AJK825
001919.jpg,皖AJK825
001920.jpg,皖AJK825
001921.jpg,皖AJK825
001922.jpg,皖AJK825
001923.jpg,皖AJK825
001924.jpg,皖AJK825
001925.jpg,皖AJK825
001926.jpg,皖AJK825
001927.jpg,皖AJK825
001928.jpg,皖AJK825
001929.jpg,皖AJK825
001930.jpg,皖AJK825
001931.jpg,皖AJK825
001932.jpg,皖AJK825
001933.jpg,皖AJK825
001934.jpg,皖AJK825
001935.jpg,皖AJK825
001936.jpg,皖AJK825
001937.jpg,皖AJK825
001938.jpg,皖AJK825
001939.jpg,皖AJK825
001940.jpg,皖AJK825
001941.jpg,皖AJK825
001942.jpg,皖AJK825
001943.jpg,皖AJK825
001944.jpg,皖AJK825
001945.jpg,皖AJK825
001946.jpg,皖AJK825
001947.jpg,皖AJK825
001948.jpg,皖AJK825
001949.jpg,皖AJK825
001950.jpg,皖AJK825
001951.jpg,皖AJK825
001952.jpg,皖AJK825
001953.jpg,皖AJK825
001954.jpg,皖AJK825
001955.jpg,皖AJK825
001956.jpg,皖AJK825
001957.jpg,皖AJK825
001958.jpg,皖AJK825
001959.jpg,皖AJK825
001960.jpg,皖AJK825
001961.jpg,皖AJK825
001962.jpg,皖AJK825
001963.jpg,皖AJK825
001964.jpg,皖AJK825
001965.jpg,皖AJK825
001966.jpg,皖AJK825
001967.jpg,皖AJK825
001968.jpg,皖AJK825
001969.jpg,皖AJK825
001970.jpg,皖AJK825
001971.jpg,皖AJK825
001972.jpg,皖AJK825
001973.jpg,皖AJK825
001974.jpg,皖AJK825
001975.jpg,皖AJK825
001976.jpg,皖AJK825
001977.jpg,皖AJK825
001978.jpg,皖AJK825
001979.jpg,皖AJK825
001980.jpg,皖AJK825
001981.jpg,皖AJK825
001982.jpg,皖AJK825
001983.jpg,皖AJK825
001984.jpg,皖AJK825
001985.jpg,皖AJK825
001986.jpg,皖AJK825
001987.jpg,皖AJK825
001988.jpg,皖AJK825
001989.jpg,皖AJK825
001990.jpg,皖AJK825
001991.jpg,皖AJK825
001992.jpg,皖AJK825
001993.jpg,皖AJK825
001994.jpg,皖AJK825
001995.jpg,皖AJK825
001996.jpg,皖AJK825
001997.jpg,皖AJK825
001998.jpg,皖AJK825
001999.jpg,皖AJK825
002000.jpg,皖AJK825
002001.jpg,皖AJK825
002002.jpg,皖AJK825
002003.jpg,皖AJK825
002004.jpg,皖AJK825
002005.jpg,皖AJK825
002006.jpg,皖AJK825
002007.jpg,皖AJK825
002008.jpg,皖AJK825
002009.jpg,皖AJK825
002010.jpg,皖AJK825
002011.jpg,皖AJK825
002012.jpg,皖AJK825
002013.jpg,皖AJK825
002014.jpg,皖AJK825
002015.jpg,皖AJK825
002016.jpg,皖AJK825
002017.jpg,皖AJK825
002018.jpg,皖AJK825
002019.jpg,皖AJK825
002020.jpg,皖AJK825
002021.jpg,皖AJK825
002022.jpg,皖AJK825
002023.jpg,皖AJK825
002024.jpg,皖AJK825
002025.jpg,皖AJK825
002026.jpg,皖AJK825
002027.jpg,皖AJK825
002028.jpg,皖AJK825
002029.jpg,皖AJK825
002030.jpg,皖AJK825
002031.jpg,皖AJK825
002032.jpg,皖AJK825
002033.jpg,皖AJK825
002034.jpg,皖AJK825
002035.jpg,皖AJK825
002036.jpg,皖AJK825
002037.jpg,皖AJK825
002038.jpg,皖AJK825
002039.jpg,皖AJK825
002040.jpg,皖AJK825
002041.jpg,皖AJK825
002042.jpg,皖AJK825
002043.jpg,皖AJK825
002044.jpg,皖AJK825
002045.jpg,皖AJK825
002046.jpg,皖AJK825
002047.jpg,皖AJK825
002048.jpg,皖AJK825
002049.jpg,皖AJK825
002050.jpg,皖AJK825
002051.jpg,皖AJK825
002052.jpg,皖AJK825
002053.jpg,皖AJK825
002054.jpg,皖AJK825
002055.jpg,皖AJK825
002056.jpg,皖AJK825
002057.jpg,皖AJK825
002058.jpg,皖AJK825
002059.jpg,皖AJK825
002060.jpg,皖AJK825
002061.jpg,皖AJK825
002062.jpg,皖AJK825
002063.jpg,皖AJK825
002064.jpg,皖AJK825
002065.jpg,皖AJK825
002066.jpg,皖AJK825
002067.jpg,皖AJK825
002068.jpg,皖AJK825
002069.jpg,皖AJK825
002070.jpg,皖AJK825
002071.jpg,皖AJK825
002072.jpg,皖AJK825
002073.jpg,皖AJK825
002074.jpg,皖AJK825
002075.jpg,皖AJK825
002076.jpg,皖AJK825
002077.jpg,皖AJK825
002078.jpg,皖AJK825
002079.jpg,皖AJK825
002080.jpg,皖AJK825
002081.jpg,皖AJK825
002082.jpg,皖AJK825
002083.jpg,皖AJK825
002084.jpg,皖AJK825
002085.jpg,皖AJK825
002086.jpg,皖AJK825
002087.jpg,皖AJK825
002088.jpg,皖AJK825
002089.jpg,皖AJK825
002090.jpg,皖AJK825
002091.jpg,皖AJK825
002092.jpg,皖AJK825
002093.jpg,皖AJK825
002094.jpg,皖AJK825
002095.jpg,皖AJK825
002096.jpg,皖AJK825
002097.jpg,皖AJK825
002098.jpg,皖AJK825
002099.jpg,皖AJK825
002100.jpg,皖AJK825
002101.jpg,皖AJK825
002102.jpg,皖AJK825
002103.jpg,皖AJK825
002104.jpg,皖AJK825
002105.jpg,皖AJK825
002106.jpg,皖AJK825
002107.jpg,皖AJK825
002108.jpg,皖AJK825
002109.jpg,皖AJK825
002110.jpg,皖AJK825
002111.jpg,皖AJK825
002112.jpg,皖AJK825
002113.jpg,皖AJK825
002114.jpg,皖AJK825
002115.jpg,皖AJK825
002116.jpg,皖AJK825
002117.jpg,皖AJK825
002118.jpg,皖AJK825
002119.jpg,皖AJK825
002120.jpg,皖AJK825
002121.jpg,皖AJK825
002122.jpg,皖AJK825
002123.jpg,皖AJK825
002124.jpg,皖AJK825
002125.jpg,皖AJK825
002126.jpg,皖AJK825
002127.jpg,皖AJK825
002128.jpg,皖AJK825
002129.jpg,皖AJK825
002130.jpg,皖AJK825
002131.jpg,皖AJK825
002132.jpg,皖AJK825
002133.jpg,皖AJK825
002134.jpg,皖AJK825
002135.jpg,皖AJK825
002136.jpg,皖AJK825
002137.jpg,皖AJK825
002138.jpg,皖AJK825
002139.jpg,皖AJK825
002140.jpg,皖AJK825
002141.jpg,皖AJK825
002142.jpg,皖AJK825
002143.jpg,皖AJK825
002144.jpg,皖AJK825
002145.jpg,皖AJK825
002146.jpg,皖AJK825
002147.jpg,皖AJK825
002148.jpg,皖AJK825
002149.jpg,皖AJK825
002150.jpg,皖AJK825
002151.jpg,皖AJK825
002152.jpg,皖AJK825
002153.jpg,皖AJK825
002154.jpg,皖AJK825
002155.jpg,皖AJK825
002156.jpg,皖AJK825
002157.jpg,皖AJK825
002158.jpg,皖AJK825
002159.jpg,皖AJK825
002160.jpg,皖AJK825
002161.jpg,皖AJK825
002162.jpg,皖AJK825
002163.jpg,皖AJK825
002164.jpg,皖AJK825
002165.jpg,皖AJK825
002166.jpg,皖AJK825
002167.jpg,皖AJK825
002168.jpg,皖AJK825
002169.jpg,皖AJK825
002170.jpg,皖AJK825
002171.jpg,皖AJK825
002172.jpg,皖AJK825
002173.jpg,皖AJK825
002174.jpg,皖AJK825
002175.jpg,皖AJK825
002176.jpg,皖AJK825
002177.jpg,皖AJK825
002178.jpg,皖AJK825
002179.jpg,皖AJK825
002180.jpg,皖AJK825
002181.jpg,皖AJK825
002182.jpg,皖AJK825
002183.jpg,皖AJK825
002184.jpg,皖AJK825
002185.jpg,皖AJK825
002186.jpg,皖AJK825
002187.jpg,皖AJK825
002188.jpg,皖AJK825
002189.jpg,皖AJK825
002190.jpg,皖AJK825
002191.jpg,皖AJK825
002192.jpg,皖AJK825
002193.jpg,皖AJK825
002194.jpg,皖AJK825
002195.jpg,皖AJK825
002196.jpg,皖AJK825
002197.jpg,皖AJK825
002198.jpg,皖AJK825
002199.jpg,皖AJK825
002200.jpg,皖AJK825
002201.jpg,皖AJK825
002202.jpg,皖AJK825
002203.jpg,皖AJK825
002204.jpg,皖AJK825
002205.jpg,皖AJK825
002206.jpg,皖AJK825
002207.jpg,皖AJK825
002208.jpg,皖AJK825
002209.jpg,皖AJK825
002210.jpg,皖AJK825
002211.jpg,皖AJK825
002212.jpg,皖AJK825
002213.jpg,皖AJK825
002214.jpg,皖AJK825
002215.jpg,皖AJK825
002216.jpg,皖AJK825
002217.jpg,皖AJK825
002218.jpg,皖AJK825
002219.jpg,皖AJK825
002220.jpg,皖AJK825
002221.jpg,皖AJK825
002222.jpg,皖AJK825
002223.jpg,皖AJK825
002224.jpg,皖AJK825
002225.jpg,皖AJK825
002226.jpg,皖AJK825
002227.jpg,皖AJK825
002228.jpg,皖AJK825
002229.jpg,皖AJK825
002230.jpg,皖AJK825
002231.jpg,皖AJK825
002232.jpg,皖AJK825
002233.jpg,皖AJK825
002234.jpg,皖AJK825
002235.jpg,皖AJK825
002236.jpg,皖AJK825
002237.jpg,皖AJK825
002238.jpg,皖AJK825
002239.jpg,皖AJK825
002240.jpg,皖AJK825
002241.jpg,皖AJK825
002242.jpg,皖AJK825
002243.jpg,皖AJK825
002244.jpg,皖AJK825
002245.jpg,皖AJK825
002246.jpg,皖AJK825
002247.jpg,皖AJK825
002248.jpg,皖AJK825
002249.jpg,皖AJK825
002250.jpg,皖AJK825
002251.jpg,皖AJK825
002252.jpg,皖AJK825
002253.jpg,皖AJK825
002254.jpg,皖AJK825
002255.jpg,皖AJK825
002256.jpg,皖AJK825
002257.jpg,皖AJK825
002258.jpg,皖AJK825
002259.jpg,皖AJK825
002260.jpg,皖AJK825
002261.jpg,皖AJK825
002262.jpg,皖AJK825
002263.jpg,皖AJK825
002264.jpg,皖AJK825
002265.jpg,皖AJK825
002266.jpg,皖AJK825
002267.jpg,皖AJK825
002268.jpg,皖AJK825
002269.jpg,皖AJK825
002270.jpg,皖AJK825
002271.jpg,皖AJK825
002272.jpg,皖AJK825
002273.jpg,皖AJK825
002274.jpg,皖AJK825
002275.jpg,皖AJK825
002276.jpg,皖AJK825
002277.jpg,皖AJK825
002278.jpg,皖AJK825
002279.jpg,皖AJK825
002280.jpg,皖AJK825
002281.jpg,皖AJK825
002282.jpg,皖AJK825
002283.jpg,皖AJK825
002284.jpg,皖AJK825
002285.jpg,皖AJK825
002286.jpg,皖AJK825
002287.jpg,皖AJK825
002288.jpg,皖AJK825
002289.jpg,皖AJK825
002290.jpg,皖AJK825
002291.jpg,皖AJK825
002292.jpg,皖AJK825
002293.jpg,皖AJK825
002294.jpg,皖AJK825
002295.jpg,皖AJK825
002296.jpg,皖AJK825
002297.jpg,皖AJK825
002298.jpg,皖AJK825
002299.jpg,皖AJK825
002300.jpg,皖AJK825
002301.jpg,皖AJK825
002302.jpg,皖AJK825
002303.jpg,皖AJK825
002304.jpg,皖AJK825
002305.jpg,皖AJK825
002306.jpg,皖AJK825
002307.jpg,皖AJK825
002308.jpg,皖AJK825
002309.jpg,皖AJK825
002310.jpg,皖AJK825
002311.jpg,皖AJK825
002312.jpg,皖AJK825
002313.jpg,皖AJK825
002314.jpg,皖AJK825
002315.jpg,皖AJK825
002316.jpg,皖AJK825
002317.jpg,皖AJK825
002318.jpg,皖AJK825
002319.jpg,皖AJK825
002320.jpg,皖AJK825
002321.jpg,皖AJK825
002322.jpg,皖AJK825
002323.jpg,皖AJK825
002324.jpg,皖AJK825
002325.jpg,皖AJK825
002326.jpg,皖AJK825
002327.jpg,皖AJK825
002328.jpg,皖AJK825
002329.jpg,皖AJK825
002330.jpg,皖AJK825
002331.jpg,皖AJK825
002332.jpg,皖AJK825
002333.jpg,皖AJK825
002334.jpg,皖AJK825
002335.jpg,皖AJK825
002336.jpg,皖AJK825
002337.jpg,皖AJK825
002338.jpg,皖AJK825
002339.jpg,皖AJK825
002340.jpg,皖AJK825
002341.jpg,皖AJK825
002342.jpg,皖AJK825
002343.jpg,皖AJK825
002344.jpg,皖AJK825
002345.jpg,皖AJK825
002346.jpg,皖AJK825
002347.jpg,皖AJK825
002348.jpg,皖AJK825
002349.jpg,皖AJK825
002350.jpg,皖AJK825
002351.jpg,皖AJK825
002352.jpg,皖AJK825
002353.jpg,皖AJK825
002354.jpg,皖AJK825
002355.jpg,皖AJK825
002356.jpg,皖AJK825
002357.jpg,皖AJK825
002358.jpg,皖AJK825
002359.jpg,皖AJK825
002360.jpg,皖AJK825
002361.jpg,皖AJK825
002362.jpg,皖AJK825
002363.jpg,皖AJK825
002364.jpg,皖AJK825
002365.jpg,皖AJK825
002366.jpg,皖AJK825
002367.jpg,皖AJK825
002368.jpg,皖AJK825
002369.jpg,皖AJK825
002370.jpg,皖AJK825
002371.jpg,皖AJK825
002372.jpg,皖AJK825
002373.jpg,皖AJK825
002374.jpg,皖AJK825
002375.jpg,皖AJK825
002376.jpg,皖AJK825
002377.jpg,皖AJK825
002378.jpg,皖AJK825
002379.jpg,皖AJK825
002380.jpg,皖AJK825
002381.jpg,皖AJK825
002382.jpg,皖AJK825
002383.jpg,皖AJK825
002384.jpg,皖AJK825
002385.jpg,皖AJK825
002386.jpg,皖AJK825
002387.jpg,皖AJK825
002388.jpg,皖AJK825
002389.jpg,皖AJK825
002390.jpg,皖AJK825
002391.jpg,皖AJK825
002392.jpg,皖AJK825
002393.jpg,皖AJK825
002394.jpg,皖AJK825
002395.jpg,皖AJK825
002396.jpg,皖AJK825
002397.jpg,皖AJK825
002398.jpg,皖AJK825
002399.jpg,皖AJK825
002400.jpg,皖AJK825
002401.jpg,皖AJK825
002402.jpg,皖AJK825
002403.jpg,皖AJK825
002404.jpg,皖AJK825
002405.jpg,皖AJK825
002406.jpg,皖AJK825
002407.jpg,皖AJK825
002408.jpg,皖AJK825
002409.jpg,皖AJK825
002410.jpg,皖AJK825
002411.jpg,皖AJK825
002412.jpg,皖AJK825
002413.jpg,皖AJK825
002414.jpg,皖AJK825
002415.jpg,皖AJK825
002416.jpg,皖AJK825
002417.jpg,皖AJK825
002418.jpg,皖AJK825
002419.jpg,皖AJK825
002420.jpg,皖AJK825
002421.jpg,皖AJK825
002422.jpg,皖AJK825
002423.jpg,皖AJK825
002424.jpg,皖AJK825
002425.jpg,皖AJK825
002426.jpg,皖AJK825
002427.jpg,皖AJK825
002428.jpg,皖AJK825
002429.jpg,皖AJK825
002430.jpg,皖AJK825
002431.jpg,皖AJK825
002432.jpg,皖AJK825
002433.jpg,皖AJK825
002434.jpg,皖AJK825
002435.jpg,皖AJK825
002436.jpg,皖AJK825
002437.jpg,皖AJK825
002438.jpg,皖AJK825
002439.jpg,皖AJK825
002440.jpg,皖AJK825
002441.jpg,皖AJK825
002442.jpg,皖AJK825
002443.jpg,皖AJK825
002444.jpg,皖AJK825
002445.jpg,皖AJK825
002446.jpg,皖AJK825
002447.jpg,皖AJK825
002448.jpg,皖AJK825
002449.jpg,皖AJK825
002450.jpg,皖AJK825
002451.jpg,皖AJK825
002452.jpg,皖AJK825
002453.jpg,皖AJK825
002454.jpg,皖AJK825
002455.jpg,皖AJK825
002456.jpg,皖AJK825
002457.jpg,皖AJK825
002458.jpg,皖AJK825
002459.jpg,皖AJK825
002460.jpg,皖AJK825
002461.jpg,皖AJK825
002462.jpg,皖AJK825
002463.jpg,皖AJK825
002464.jpg,皖AJK825
002465.jpg,皖AJK825
002466.jpg,皖AJK825
002467.jpg,皖AJK825
002468.jpg,皖AJK825
002469.jpg,皖AJK825
002470.jpg,皖AJK825
002471.jpg,皖AJK825
002472.jpg,皖AJK825
002473.jpg,皖AJK825
002474.jpg,皖AJK825
002475.jpg,皖AJK825
002476.jpg,皖AJK825
002477.jpg,皖AJK825
002478.jpg,皖AJK825
002479.jpg,皖AJK825
002480.jpg,皖AJK825
002481.jpg,皖AJK825
002482.jpg,皖AJK825
002483.jpg,皖AJK825
002484.jpg,皖AJK825
002485.jpg,皖AJK825
002486.jpg,皖AJK825
002487.jpg,皖AJK825
002488.jpg,皖AJK825
002489.jpg,皖AJK825
002490.jpg,皖AJK825
002491.jpg,皖AJK825
002492.jpg,皖AJK825
002493.jpg,皖AJK825
002494.jpg,皖AJK825
002495.jpg,皖AJK825
002496.jpg,皖AJK825
002497.jpg,皖AJK825
002498.jpg,皖AJK825
002499.jpg,皖AJK825
002500.jpg,皖AJK825
002501.jpg,皖AJK825
002502.jpg,皖AJK825
002503.jpg,皖AJK825
002504.jpg,皖AJK825
002505.jpg,皖AJK825
002506.jpg,皖AJK825
002507.jpg,皖AJK825
002508.jpg,皖AJK825
002509.jpg,皖AJK825
002510.jpg,皖AJK825
002511.jpg,皖AJK825
002512.jpg,皖AJK825
002513.jpg,皖AJK825
002514.jpg,皖AJK825
002515.jpg,皖AJK825
002516.jpg,皖AJK825
002517.jpg,皖AJK825
002518.jpg,皖AJK825
002519.jpg,皖AJK825
002520.jpg,皖AJK825
002521.jpg,皖AJK825
002522.jpg,皖AJK825
002523.jpg,皖AJK825
002524.jpg,皖AJK825
002525.jpg,皖AJK825
002526.jpg,皖AJK825
002527.jpg,皖AJK825
002528.jpg,皖AJK825
002529.jpg,皖AJK825
002530.jpg,皖AJK825
002531.jpg,皖AJK825
002532.jpg,皖AJK825
002533.jpg,皖AJK825
002534.jpg,皖AJK825
002535.jpg,皖AJK825
002536.jpg,皖AJK825
002537.jpg,皖AJK825
002538.jpg,皖AJK825
002539.jpg,皖AJK825
002540.jpg,皖AJK825
002541.jpg,皖AJK825
002542.jpg,皖AJK825
002543.jpg,皖AJK825
002544.jpg,皖AJK825
002545.jpg,皖AJK825
002546.jpg,皖AJK825
002547.jpg,皖AJK825
002548.jpg,皖AJK825
002549.jpg,皖AJK825
002550.jpg,皖AJK825
002551.jpg,皖AJK825
002552.jpg,皖AJK825
002553.jpg,皖AJK825
002554.jpg,皖AJK825
002555.jpg,皖AJK825
002556.jpg,皖AJK825
002557.jpg,皖AJK825
002558.jpg,皖AJK825
002559.jpg,皖AJK825
002560.jpg,皖AJK825
002561.jpg,皖AJK825
002562.jpg,皖AJK825
002563.jpg,皖AJK825
002564.jpg,皖AJK825
002565.jpg,皖AJK825
002566.jpg,皖AJK825
002567.jpg,皖AJK825
002568.jpg,皖AJK825
002569.jpg,皖AJK825
002570.jpg,皖AJK825
002571.jpg,皖AJK825
002572.jpg,皖AJK825
002573.jpg,皖AJK825
002574.jpg,皖AJK825
002575.jpg,皖AJK825
002576.jpg,皖AJK825
002577.jpg,皖AJK825
002578.jpg,皖AJK825
002579.jpg,皖AJK825
002580.jpg,皖AJK825
002581.jpg,皖AJK825
002582.jpg,皖AJK825
002583.jpg,皖AJK825
002584.jpg,皖AJK825
002585.jpg,皖AJK825
002586.jpg,皖AJK825
002587.jpg,皖AJK825
002588.jpg,皖AJK825
002589.jpg,皖AJK825
002590.jpg,皖AJK825
002591.jpg,皖AJK825
002592.jpg,皖AJK825
002593.jpg,皖AJK825
002594.jpg,皖AJK825
002595.jpg,皖AJK825
002596.jpg,皖AJK825
002597.jpg,皖AJK825
002598.jpg,皖AJK825
002599.jpg,皖AJK825
002600.jpg,皖AJK825
002601.jpg,皖AJK825
002602.jpg,皖AJK825
002603.jpg,皖AJK825
002604.jpg,皖AJK825
002605.jpg,皖AJK825
002606.jpg,皖AJK825
002607.jpg,皖AJK825
002608.jpg,皖AJK825
002609.jpg,皖AJK825
002610.jpg,皖AJK825
002611.jpg,皖AJK825
002612.jpg,皖AJK825
002613.jpg,皖AJK825
002614.jpg,皖AJK825
002615.jpg,皖AJK825
002616.jpg,皖AJK825
002617.jpg,皖AJK825
002618.jpg,皖AJK825
002619.jpg,皖AJK825
002620.jpg,皖AJK825
002621.jpg,皖AJK825
002622.jpg,皖AJK825
002623.jpg,皖AJK825
002624.jpg,皖AJK825
002625.jpg,皖AJK825
002626.jpg,皖AJK825
002627.jpg,皖AJK825
002628.jpg,皖AJK825
002629.jpg,皖AJK825
002630.jpg,皖AJK825
002631.jpg,皖AJK825
002632.jpg,皖AJK825
002633.jpg,皖AJK825
002634.jpg,皖AJK825
002635.jpg,皖AJK825
002636.jpg,皖AJK825
002637.jpg,皖AJK825
002638.jpg,皖AJK825
002639.jpg,皖AJK825
002640.jpg,皖AJK825
002641.jpg,皖AJK825
002642.jpg,皖AJK825
002643.jpg,皖AJK825
002644.jpg,皖AJK825
002645.jpg,皖AJK825
002646.jpg,皖AJK825
002647.jpg,皖AJK825
002648.jpg,皖AJK825
002649.jpg,皖AJK825
002650.jpg,皖AJK825
002651.jpg,皖AJK825
002652.jpg,皖AJK825
002653.jpg,皖AJK825
002654.jpg,皖AJK825
002655.jpg,皖AJK825
002656.jpg,皖AJK825
002657.jpg,皖AJK825
002658.jpg,皖AJK825
002659.jpg,皖AJK825
002660.jpg,皖AJK825
002661.jpg,皖AJK825
002662.jpg,皖AJK825
002663.jpg,皖AJK825
002664.jpg,皖AJK825
002665.jpg,皖AJK825
002666.jpg,皖AJK825
002667.jpg,皖AJK825
002668.jpg,皖AJK825
002669.jpg,皖AJK825
002670.jpg,皖AJK825
002671.jpg,皖AJK825
002672.jpg,皖AJK825
002673.jpg,皖AJK825
002674.jpg,皖AJK825
002675.jpg,皖AJK825
002676.jpg,皖AJK825
002677.jpg,皖AJK825
002678.jpg,皖AJK825
002679.jpg,皖AJK825
002680.jpg,皖AJK825
002681.jpg,皖AJK825
002682.jpg,皖AJK825
002683.jpg,皖AJK825
002684.jpg,皖AJK825
002685.jpg,皖AJK825
002686.jpg,皖AJK825
002687.jpg,皖AJK825
002688.jpg,皖AJK825
002689.jpg,皖AJK825
002690.jpg,皖AJK825
002691.jpg,皖AJK825
002692.jpg,皖AJK825
002693.jpg,皖AJK825
002694.jpg,皖AJK825
002695.jpg,皖AJK825
002696.jpg,皖AJK825
002697.jpg,皖AJK825
002698.jpg,皖AJK825
002699.jpg,皖AJK825
002700.jpg,皖AJK825
002701.jpg,皖AJK825
002702.jpg,皖AJK825
002703.jpg,皖AJK825
002704.jpg,皖AJK825
002705.jpg,皖AJK825
002706.jpg,皖AJK825
002707.jpg,皖AJK825
002708.jpg,皖AJK825
002709.jpg,皖AJK825
002710.jpg,皖AJK825
002711.jpg,皖AJK825
002712.jpg,皖AJK825
002713.jpg,皖AJK825
002714.jpg,皖AJK825
002715.jpg,皖AJK825
002716.jpg,皖AJK825
002717.jpg,皖AJK825
002718.jpg,皖AJK825
002719.jpg,皖AJK825
002720.jpg,皖AJK825
002721.jpg,皖AJK825
002722.jpg,皖AJK825
002723.jpg,皖AJK825
002724.jpg,皖AJK825
002725.jpg,皖AJK825
002726.jpg,皖AJK825
002727.jpg,皖AJK825
002728.jpg,皖AJK825
002729.jpg,皖AJK825
002730.jpg,皖AJK825
002731.jpg,皖AJK825
002732.jpg,皖AJK825
002733.jpg,皖AJK825
002734.jpg,皖AJK825
002735.jpg,皖AJK825
002736.jpg,皖AJK825
002737.jpg,皖AJK825
002738.jpg,皖AJK825
002739.jpg,皖AJK825
002740.jpg,皖AJK825
002741.jpg,皖AJK825
002742.jpg,皖AJK825
002743.jpg,皖AJK825
002744.jpg,皖AJK825
002745.jpg,皖AJK825
002746.jpg,皖AJK825
002747.jpg,皖AJK825
002748.jpg,皖AJK825
002749.jpg,皖AJK825
002750.jpg,皖AJK825
002751.jpg,皖AJK825
002752.jpg,皖AJK825
002753.jpg,皖AJK825
002754.jpg,皖AJK825
002755.jpg,皖AJK825
002756.jpg,皖AJK825
002757.jpg,皖AJK825
002758.jpg,皖AJK825
002759.jpg,皖AJK825
002760.jpg,皖AJK825
002761.jpg,皖AJK825
002762.jpg,皖AJK825
002763.jpg,皖AJK825
002764.jpg,皖AJK825
002765.jpg,皖AJK825
002766.jpg,皖AJK825
002767.jpg,皖AJK825
002768.jpg,皖AJK825
002769.jpg,皖AJK825
002770.jpg,皖AJK825
002771.jpg,皖AJK825
002772.jpg,皖AJK825
002773.jpg,皖AJK825
002774.jpg,皖AJK825
002775.jpg,皖AJK825
002776.jpg,皖AJK825
002777.jpg,皖AJK825
002778.jpg,皖AJK825
002779.jpg,皖AJK825
002780.jpg,皖AJK825
002781.jpg,皖AJK825
002782.jpg,皖AJK825
002783.jpg,皖AJK825
002784.jpg,皖AJK825
002785.jpg,皖AJK825
002786.jpg,皖AJK825
002787.jpg,皖AJK825
002788.jpg,皖AJK825
002789.jpg,皖AJK825
002790.jpg,皖AJK825
002791.jpg,皖AJK825
002792.jpg,皖AJK825
002793.jpg,皖AJK825
002794.jpg,皖AJK825
002795.jpg,皖AJK825
002796.jpg,皖AJK825
002797.jpg,皖AJK825
002798.jpg,皖AJK825
002799.jpg,皖AJK825
002800.jpg,皖AJK825
002801.jpg,皖AJK825
002802.jpg,皖AJK825
002803.jpg,皖AJK825
002804.jpg,皖AJK825
002805.jpg,皖AJK825
002806.jpg,皖AJK825
002807.jpg,皖AJK825
002808.jpg,皖AJK825
002809.jpg,皖AJK825
002810.jpg,皖AJK825
002811.jpg,皖AJK825
002812.jpg,皖AJK825
002813.jpg,皖AJK825
002814.jpg,皖AJK825
002815.jpg,皖AJK825
002816.jpg,皖AJK825
002817.jpg,皖AJK825
002818.jpg,皖AJK825
002819.jpg,皖AJK825
002820.jpg,皖AJK825
002821.jpg,皖AJK825
002822.jpg,皖AJK825
002823.jpg,皖AJK825
002824.jpg,皖AJK825
002825.jpg,皖AJK825
002826.jpg,皖AJK825
002827.jpg,皖AJK825
002828.jpg,皖AJK825
002829.jpg,皖AJK825
002830.jpg,皖AJK825
002831.jpg,皖AJK825
002832.jpg,皖AJK825
002833.jpg,皖AJK825
002834.jpg,皖AJK825
002835.jpg,皖AJK825
002836.jpg,皖AJK825
002837.jpg,皖AJK825
002838.jpg,皖AJK825
002839.jpg,皖AJK825
002840.jpg,皖AJK825
002841.jpg,皖AJK825
002842.jpg,皖AJK825
002843.jpg,皖AJK825
002844.jpg,皖AJK825
002845.jpg,皖AJK825
002846.jpg,皖AJK825
002847.jpg,皖AJK825
002848.jpg,皖AJK825
002849.jpg,皖AJK825
002850.jpg,皖AJK825
002851.jpg,皖AJK825
002852.jpg,皖AJK825
002853.jpg,皖AJK825
002854.jpg,皖AJK825
002855.jpg,皖AJK825
002856.jpg,皖AJK825
002857.jpg,皖AJK825
002858.jpg,皖AJK825
002859.jpg,皖AJK825
002860.jpg,皖AJK825
002861.jpg,皖AJK825
002862.jpg,皖AJK825
002863.jpg,皖AJK825
002864.jpg,皖AJK825
002865.jpg,皖AJK825
002866.jpg,皖AJK825
002867.jpg,皖AJK825
002868.jpg,皖AJK825
002869.jpg,皖AJK825
002870.jpg,皖AJK825
002871.jpg,皖AJK825
002872.jpg,皖AJK825
002873.jpg,皖AJK825
002874.jpg,皖AJK825
002875.jpg,皖AJK825
002876.jpg,皖AJK825
002877.jpg,皖AJK825
002878.jpg,皖AJK825
002879.jpg,皖AJK825
002880.jpg,皖AJK825
002881.jpg,皖AJK825
002882.jpg,皖AJK825
002883.jpg,皖AJK825
002884.jpg,皖AJK825
002885.jpg,皖AJK825
002886.jpg,皖AJK825
002887.jpg,皖AJK825
002888.jpg,皖AJK825
002889.jpg,皖AJK825
002890.jpg,皖AJK825
002891.jpg,皖AJK825
002892.jpg,皖AJK825
002893.jpg,皖AJK825
002894.jpg,皖AJK825
002895.jpg,皖AJK825
002896.jpg,皖AJK825
002897.jpg,皖AJK825
002898.jpg,皖AJK825
002899.jpg,皖AJK825
002900.jpg,皖AJK825
002901.jpg,皖AJK825
002902.jpg,皖AJK825
002903.jpg,皖AJK825
002904.jpg,皖AJK825
002905.jpg,皖AJK825
002906.jpg,皖AJK825
002907.jpg,皖AJK825
002908.jpg,皖AJK825
002909.jpg,皖AJK825
002910.jpg,皖AJK825
002911.jpg,皖AJK825
002912.jpg,皖AJK825
002913.jpg,皖AJK825
002914.jpg,皖AJK825
002915.jpg,皖AJK825
002916.jpg,皖AJK825
002917.jpg,皖AJK825
002918.jpg,皖AJK825
002919.jpg,皖AJK825
002920.jpg,皖AJK825
002921.jpg,皖AJK825
002922.jpg,皖AJK825
002923.jpg,皖AJK825
002924.jpg,皖AJK825
002925.jpg,皖AJK825
002926.jpg,皖AJK825
002927.jpg,皖AJK825
002928.jpg,皖AJK825
002929.jpg,皖AJK825
002930.jpg,皖AJK825
002931.jpg,皖AJK825
002932.jpg,皖AJK825
002933.jpg,皖AJK825
002934.jpg,皖AJK825
002935.jpg,皖AJK825
002936.jpg,皖AJK825
002937.jpg,皖AJK825
002938.jpg,皖AJK825
002939.jpg,皖AJK825
002940.jpg,皖AJK825
002941.jpg,皖AJK825
002942.jpg,皖AJK825
002943.jpg,皖AJK825
002944.jpg,皖AJK825
002945.jpg,皖AJK825
002946.jpg,皖AJK825
002947.jpg,皖AJK825
002948.jpg,皖AJK825
002949.jpg,皖AJK825
002950.jpg,皖AJK825
002951.jpg,皖AJK825
002952.jpg,皖AJK825
002953.jpg,皖AJK825
002954.jpg,皖AJK825
002955.jpg,皖AJK825
002956.jpg,皖AJK825
002957.jpg,皖AJK825
002958.jpg,皖AJK825
002959.jpg,皖AJK825
002960.jpg,皖AJK825
002961.jpg,皖AJK825
002962.jpg,皖AJK825
002963.jpg,皖AJK825
002964.jpg,皖AJK825
002965.jpg,皖AJK825
002966.jpg,皖AJK825
002967.jpg,皖AJK825
002968.jpg,皖AJK825
002969.jpg,皖AJK825
002970.jpg,皖AJK825
002971.jpg,皖AJK825
002972.jpg,皖AJK825
002973.jpg,皖AJK825
002974.jpg,皖AJK825
002975.jpg,皖AJK825
002976.jpg,皖AJK825
002977.jpg,皖AJK825
002978.jpg,皖AJK825
002979.jpg,皖AJK825
002980.jpg,皖AJK825
002981.jpg,皖AJK825
002982.jpg,皖AJK825
002983.jpg,皖AJK825
002984.jpg,皖AJK825
002985.jpg,皖AJK825
002986.jpg,皖AJK825
002987.jpg,皖AJK825
002988.jpg,皖AJK825
002989.jpg,皖AJK825
002990.jpg,皖AJK825
002991.jpg,皖AJK825
002992.jpg,皖AJK825
002993.jpg,皖AJK825
002994.jpg,皖AJK825
002995.jpg,皖AJK825
002996.jpg,皖AJK825
002997.jpg,皖AJK825
002998.jpg,皖AJK825
002999.jpg,皖AJK825
003000.jpg,皖AJK825
003001.jpg,皖AJK825
003002.jpg,皖AJK825
003003.jpg,皖AJK825
003004.jpg,皖AJK825
003005.jpg,皖AJK825
003006.jpg,皖AJK825
003007.jpg,皖AJK825
003008.jpg,皖AJK825
003009.jpg,皖AJK825
003010.jpg,皖AJK825
003011.jpg,皖AJK825
003012.jpg,皖AJK825
003013.jpg,皖AJK825
003014.jpg,皖AJK825
003015.jpg,皖AJK825
003016.jpg,皖AJK825
003017.jpg,皖AJK825
003018.jpg,皖AJK825
003019.jpg,皖AJK825
003020.jpg,皖AJK825
003021.jpg,皖AJK825
003022.jpg,皖AJK825
003023.jpg,皖AJK825
003024.jpg,皖AJK825
003025.jpg,皖AJK825
003026.jpg,皖AJK825
003027.jpg,皖AJK825
003028.jpg,皖AJK825
003029.jpg,皖AJK825
003030.jpg,皖AJK825
003031.jpg,皖AJK825
003032.jpg,皖AJK825
003033.jpg,皖AJK825
003034.jpg,皖AJK825
003035.jpg,皖AJK825
003036.jpg,皖AJK825
003037.jpg,皖AJK825
003038.jpg,皖AJK825
003039.jpg,皖AJK825
003040.jpg,皖AJK825
003041.jpg,皖AJK825
003042.jpg,皖AJK825
003043.jpg,皖AJK825
003044.jpg,皖AJK825
003045.jpg,皖AJK825
003046.jpg,皖AJK825
003047.jpg,皖AJK825
003048.jpg,皖AJK825
003049.jpg,皖AJK825
003050.jpg,皖AJK825
003051.jpg,皖AJK825
003052.jpg,皖AJK825
003053.jpg,皖AJK825
003054.jpg,皖AJK825
003055.jpg,皖AJK825
003056.jpg,皖AJK825
003057.jpg,皖AJK825
003058.jpg,皖AJK825
003059.jpg,皖AJK825
003060.jpg,皖AJK825
003061.jpg,皖AJK825
003062.jpg,皖AJK825
003063.jpg,皖AJK825
003064.jpg,皖AJK825
003065.jpg,皖AJK825
003066.jpg,皖AJK825
003067.jpg,皖AJK825
003068.jpg,皖AJK825
003069.jpg,皖AJK825
003070.jpg,皖AJK825
003071.jpg,皖AJK825
003072.jpg,皖AJK825
003073.jpg,皖AJK825
003074.jpg,皖AJK825
003075.jpg,皖AJK825
003076.jpg,皖AJK825
003077.jpg,皖AJK825
003078.jpg,皖AJK825
003079.jpg,皖AJK825
003080.jpg,皖AJK825
003081.jpg,皖AJK825
003082.jpg,皖AJK825
003083.jpg,皖AJK825
003084.jpg,皖AJK825
003085.jpg,皖AJK825
003086.jpg,皖AJK825
003087.jpg,皖AJK825
003088.jpg,皖AJK825
003089.jpg,皖AJK825
003090.jpg,皖AJK825
003091.jpg,皖AJK825
003092.jpg,皖AJK825
003093.jpg,皖AJK825
003094.jpg,皖AJK825
003095.jpg,皖AJK825
003096.jpg,皖AJK825
003097.jpg,皖AJK825
003098.jpg,皖AJK825
003099.jpg,皖AJK825
003100.jpg,皖AJK825
003101.jpg,皖AJK825
003102.jpg,皖AJK825
003103.jpg,皖AJK825
003104.jpg,皖AJK825
003105.jpg,皖AJK825
003106.jpg,皖AJK825
003107.jpg,皖AJK825
003108.jpg,皖AJK825
003109.jpg,皖AJK825
003110.jpg,皖AJK825
003111.jpg,皖AJK825
003112.jpg,皖AJK825
003113.jpg,皖AJK825
003114.jpg,皖AJK825
003115.jpg,皖AJK825
003116.jpg,皖AJK825
003117.jpg,皖AJK825
003118.jpg,皖AJK825
003119.jpg,皖AJK825
003120.jpg,皖AJK825
003121.jpg,皖AJK825
003122.jpg,皖AJK825
003123.jpg,皖AJK825
003124.jpg,皖AJK825
003125.jpg,皖AJK825
003126.jpg,皖AJK825
003127.jpg,皖AJK825
003128.jpg,皖AJK825
003129.jpg,皖AJK825
003130.jpg,皖AJK825
003131.jpg,皖AJK825
003132.jpg,皖AJK825
003133.jpg,皖AJK825
003134.jpg,皖AJK825
003135.jpg,皖AJK825
003136.jpg,皖AJK825
003137.jpg,皖AJK825
003138.jpg,皖AJK825
003139.jpg,皖AJK825
003140.jpg,皖AJK825
003141.jpg,皖AJK825
003142.jpg,皖AJK825
003143.jpg,皖AJK825
003144.jpg,皖AJK825
003145.jpg,皖AJK825
003146.jpg,皖AJK825
003147.jpg,皖AJK825
003148.jpg,皖AJK825
003149.jpg,皖AJK825
003150.jpg,皖AJK825
003151.jpg,皖AJK825
003152.jpg,皖AJK825
003153.jpg,皖AJK825
003154.jpg,皖AJK825
003155.jpg,皖AJK825
003156.jpg,皖AJK825
003157.jpg,皖AJK825
003158.jpg,皖AJK825
003159.jpg,皖AJK825
003160.jpg,皖AJK825
003161.jpg,皖AJK825
003162.jpg,皖AJK825
003163.jpg,皖AJK825
003164.jpg,皖AJK825
003165.jpg,皖AJK825
003166.jpg,皖AJK825
003167.jpg,皖AJK825
003168.jpg,皖AJK825
003169.jpg,皖AJK825
003170.jpg,皖AJK825
003171.jpg,皖AJK825
003172.jpg,皖AJK825
003173.jpg,皖AJK825
003174.jpg,皖AJK825
003175.jpg,皖AJK825
003176.jpg,皖AJK825
003177.jpg,皖AJK825
003178.jpg,皖AJK825
003179.jpg,皖AJK825
003180.jpg,皖AJK825
003181.jpg,皖AJK825
003182.jpg,皖AJK825
003183.jpg,皖AJK825
003184.jpg,皖AJK825
003185.jpg,皖AJK825
003186.jpg,皖AJK825
003187.jpg,皖AJK825
003188.jpg,皖AJK825
003189.jpg,皖AJK825
003190.jpg,皖AJK825
003191.jpg,皖AJK825
003192.jpg,皖AJK825
003193.jpg,皖AJK825
003194.jpg,皖AJK825
003195.jpg,皖AJK825
003196.jpg,皖AJK825
003197.jpg,皖AJK825
003198.jpg,皖AJK825
003199.jpg,皖AJK825
003200.jpg,皖AJK825
003201.jpg,皖AJK825
003202.jpg,皖AJK825
003203.jpg,皖AJK825
003204.jpg,皖AJK825
003205.jpg,皖AJK825
003206.jpg,皖AJK825
003207.jpg,皖AJK825
003208.jpg,皖AJK825
003209.jpg,皖AJK825
003210.jpg,皖AJK825
003211.jpg,皖AJK825
003212.jpg,皖AJK825
003213.jpg,皖AJK825
003214.jpg,皖AJK825
003215.jpg,皖AJK825
003216.jpg,皖AJK825
003217.jpg,皖AJK825
003218.jpg,皖AJK825
003219.jpg,皖AJK825
003220.jpg,皖AJK825
003221.jpg,皖AJK825
003222.jpg,皖AJK825
003223.jpg,皖AJK825
003224.jpg,皖AJK825
003225.jpg,皖AJK825
003226.jpg,皖AJK825
003227.jpg,皖AJK825
003228.jpg,皖AJK825
003229.jpg,皖AJK825
003230.jpg,皖AJK825
003231.jpg,皖AJK825
003232.jpg,皖AJK825
003233.jpg,皖AJK825
003234.jpg,皖AJK825
003235.jpg,皖AJK825
003236.jpg,皖AJK825
003237.jpg,皖AJK825
003238.jpg,皖AJK825
003239.jpg,皖AJK825
003240.jpg,皖AJK825
003241.jpg,皖AJK825
003242.jpg,皖AJK825
003243.jpg,皖AJK825
003244.jpg,皖AJK825
003245.jpg,皖AJK825
003246.jpg,皖AJK825
003247.jpg,皖AJK825
003248.jpg,皖AJK825
003249.jpg,皖AJK825
003250.jpg,皖AJK825
003251.jpg,皖AJK825
003252.jpg,皖AJK825
003253.jpg,皖AJK825
003254.jpg,皖AJK825
003255.jpg,皖AJK825
003256.jpg,皖AJK825
003257.jpg,皖AJK825
003258.jpg,皖AJK825
003259.jpg,皖AJK825
003260.jpg,皖AJK825
003261.jpg,皖AJK825
003262.jpg,皖AJK825
003263.jpg,皖AJK825
003264.jpg,皖AJK825
003265.jpg,皖AJK825
003266.jpg,皖AJK825
003267.jpg,皖AJK825
003268.jpg,皖AJK825
003269.jpg,皖AJK825
003270.jpg,皖AJK825
003271.jpg,皖AJK825
003272.jpg,皖AJK825
003273.jpg,皖AJK825
003274.jpg,皖AJK825
003275.jpg,皖AJK825
003276.jpg,皖AJK825
003277.jpg,皖AJK825
003278.jpg,皖AJK825
003279.jpg,皖AJK825
003280.jpg,皖AJK825
003281.jpg,皖AJK825
003282.jpg,皖AJK825
003283.jpg,皖AJK825
003284.jpg,皖AJK825
003285.jpg,皖AJK825
003286.jpg,皖AJK825
003287.jpg,皖AJK825
003288.jpg,皖AJK825
003289.jpg,皖AJK825
003290.jpg,皖AJK825
003291.jpg,皖AJK825
003292.jpg,皖AJK825
003293.jpg,皖AJK825
003294.jpg,皖AJK825
003295.jpg,皖AJK825
003296.jpg,皖AJK825
003297.jpg,皖AJK825
003298.jpg,皖AJK825
003299.jpg,皖AJK825
003300.jpg,皖AJK825
003301.jpg,皖AJK825
003302.jpg,皖AJK825
003303.jpg,皖AJK825
003304.jpg,皖AJK825
003305.jpg,皖AJK825
003306.jpg,皖AJK825
003307.jpg,皖AJK825
003308.jpg,皖AJK825
003309.jpg,皖AJK825
003310.jpg,皖AJK825
003311.jpg,皖AJK825
003312.jpg,皖AJK825
003313.jpg,皖AJK825
003314.jpg,皖AJK825
003315.jpg,皖AJK825
003316.jpg,皖AJK825
003317.jpg,皖AJK825
003318.jpg,皖AJK825
003319.jpg,皖AJK825
003320.jpg,皖AJK825
003321.jpg,皖AJK825
003322.jpg,皖AJK825
003323.jpg,皖AJK825
003324.jpg,皖AJK825
003325.jpg,皖AJK825
003326.jpg,皖AJK825
003327.jpg,皖AJK825
003328.jpg,皖AJK825
003329.jpg,皖AJK825
003330.jpg,皖AJK825
003331.jpg,皖AJK825
003332.jpg,皖AJK825
003333.jpg,皖AJK825
003334.jpg,皖AJK825
003335.jpg,皖AJK825
003336.jpg,皖AJK825
003337.jpg,皖AJK825
003338.jpg,皖AJK825
003339.jpg,皖AJK825
003340.jpg,皖AJK825
003341.jpg,皖AJK825
003342.jpg,皖AJK825
003343.jpg,皖AJK825
003344.jpg,皖AJK825
003345.jpg,皖AJK825
003346.jpg,皖AJK825
003347.jpg,皖AJK825
003348.jpg,皖AJK825
003349.jpg,皖AJK825
003350.jpg,皖AJK825
003351.jpg,皖AJK825
003352.jpg,皖AJK825
003353.jpg,皖AJK825
003354.jpg,皖AJK825
003355.jpg,皖AJK825
003356.jpg,皖AJK825
003357.jpg,皖AJK825
003358.jpg,皖AJK825
003359.jpg,皖AJK825
003360.jpg,皖AJK825
003361.jpg,皖AJK825
003362.jpg,皖AJK825
003363.jpg,皖AJK825
003364.jpg,皖AJK825
003365.jpg,皖AJK825
003366.jpg,皖AJK825
003367.jpg,皖AJK825
003368.jpg,皖AJK825
003369.jpg,皖AJK825
003370.jpg,皖AJK825
003371.jpg,皖AJK825
003372.jpg,皖AJK825
003373.jpg,皖AJK825
003374.jpg,皖AJK825
003375.jpg,皖AJK825
003376.jpg,皖AJK825
003377.jpg,皖AJK825
003378.jpg,皖AJK825
003379.jpg,皖AJK825
003380.jpg,皖AJK825
003381.jpg,皖AJK825
003382.jpg,皖AJK825
003383.jpg,皖AJK825
003384.jpg,皖AJK825
003385.jpg,皖AJK825
003386.jpg,皖AJK825
003387.jpg,皖AJK825
003388.jpg,皖AJK825
003389.jpg,皖AJK825
003390.jpg,皖AJK825
003391.jpg,皖AJK825
003392.jpg,皖AJK825
003393.jpg,皖AJK825
003394.jpg,皖AJK825
003395.jpg,皖AJK825
003396.jpg,皖AJK825
003397.jpg,皖AJK825
003398.jpg,皖AJK825
003399.jpg,皖AJK825
003400.jpg,皖AJK825
003401.jpg,皖AJK825
003402.jpg,皖AJK825
003403.jpg,皖AJK825
003404.jpg,皖AJK825
003405.jpg,皖AJK825
003406.jpg,皖AJK825
003407.jpg,皖AJK825
003408.jpg,皖AJK825
003409.jpg,皖AJK825
003410.jpg,皖AJK825
003411.jpg,皖AJK825
003412.jpg,皖AJK825
003413.jpg,皖AJK825
003414.jpg,皖AJK825
003415.jpg,皖AJK825
003416.jpg,皖AJK825
003417.jpg,皖AJK825
003418.jpg,皖AJK825
003419.jpg,皖AJK825
003420.jpg,皖AJK825
003421.jpg,皖AJK825
003422.jpg,皖AJK825
003423.jpg,皖AJK825
003424.jpg,皖AJK825
003425.jpg,皖AJK825
003426.jpg,皖AJK825
003427.jpg,皖AJK825
003428.jpg,皖AJK825
003429.jpg,皖AJK825
003430.jpg,皖AJK825
003431.jpg,皖AJK825
003432.jpg,皖AJK825
003433.jpg,皖AJK825
003434.jpg,皖AJK825
003435.jpg,皖AJK825
003436.jpg,皖AJK825
003437.jpg,皖AJK825
003438.jpg,皖AJK825
003439.jpg,皖AJK825
003440.jpg,皖AJK825
003441.jpg,皖AJK825
003442.jpg,皖AJK825
003443.jpg,皖AJK825
003444.jpg,皖AJK825
003445.jpg,皖AJK825
003446.jpg,皖AJK825
003447.jpg,皖AJK825
003448.jpg,皖AJK825
003449.jpg,皖AJK825
003450.jpg,皖AJK825
003451.jpg,皖AJK825
003452.jpg,皖AJK825
003453.jpg,皖AJK825
003454.jpg,皖AJK825
003455.jpg,皖AJK825
003456.jpg,皖AJK825
003457.jpg,皖AJK825
003458.jpg,皖AJK825
003459.jpg,皖AJK825
003460.jpg,皖AJK825
003461.jpg,皖AJK825
003462.jpg,皖AJK825
003463.jpg,皖AJK825
003464.jpg,皖AJK825
003465.jpg,皖AJK825
003466.jpg,皖AJK825
003467.jpg,皖AJK825
003468.jpg,皖AJK825
003469.jpg,皖AJK825
003470.jpg,皖AJK825
003471.jpg,皖AJK825
003472.jpg,皖AJK825
003473.jpg,皖AJK825
003474.jpg,皖AJK825
003475.jpg,皖AJK825
003476.jpg,皖AJK825
003477.jpg,皖AJK825
003478.jpg,皖AJK825
003479.jpg,皖AJK825
003480.jpg,皖AJK825
003481.jpg,皖AJK825
003482.jpg,皖AJK825
003483.jpg,皖AJK825
003484.jpg,皖AJK825
003485.jpg,皖AJK825
003486.jpg,皖AJK825
003487.jpg,皖AJK825
003488.jpg,皖AJK825
003489.jpg,皖AJK825
003490.jpg,皖AJK825
003491.jpg,皖AJK825
003492.jpg,皖AJK825
003493.jpg,皖AJK825
003494.jpg,皖AJK825
003495.jpg,皖AJK825
003496.jpg,皖AJK825
003497.jpg,皖AJK825
003498.jpg,皖AJK825
003499.jpg,皖AJK825
003500.jpg,皖AJK825
003501.jpg,皖AJK825
003502.jpg,皖AJK825
003503.jpg,皖AJK825
003504.jpg,皖AJK825
003505.jpg,皖AJK825
003506.jpg,皖AJK825
003507.jpg,皖AJK825
003508.jpg,皖AJK825
003509.jpg,皖AJK825
003510.jpg,皖AJK825
003511.jpg,皖AJK825
003512.jpg,皖AJK825
003513.jpg,皖AJK825
003514.jpg,皖AJK825
003515.jpg,皖AJK825
003516.jpg,皖AJK825
003517.jpg,皖AJK825
003518.jpg,皖AJK825
003519.jpg,皖AJK825
003520.jpg,皖AJK825
003521.jpg,皖AJK825
003522.jpg,皖AJK825
003523.jpg,皖AJK825
003524.jpg,皖AJK825
003525.jpg,皖AJK825
003526.jpg,皖AJK825
003527.jpg,皖AJK825
003528.jpg,皖AJK825
003529.jpg,皖AJK825
003530.jpg,皖AJK825
003531.jpg,皖AJK825
003532.jpg,皖AJK825
003533.jpg,皖AJK825
003534.jpg,皖AJK825
003535.jpg,皖AJK825
003536.jpg,皖AJK825
003537.jpg,皖AJK825
003538.jpg,皖AJK825
003539.jpg,皖AJK825
003540.jpg,皖AJK825
003541.jpg,皖AJK825
003542.jpg,皖AJK825
003543.jpg,皖AJK825
003544.jpg,皖AJK825
003545.jpg,皖AJK825
003546.jpg,皖AJK825
003547.jpg,皖AJK825
003548.jpg,皖AJK825
003549.jpg,皖AJK825
003550.jpg,皖AJK825
003551.jpg,皖AJK825
003552.jpg,皖AJK825
003553.jpg,皖AJK825
003554.jpg,皖AJK825
003555.jpg,皖AJK825
003556.jpg,皖AJK825
003557.jpg,皖AJK825
003558.jpg,皖AJK825
003559.jpg,皖AJK825
003560.jpg,皖AJK825
003561.jpg,皖AJK825
003562.jpg,皖AJK825
003563.jpg,皖AJK825
003564.jpg,皖AJK825
003565.jpg,皖AJK825
003566.jpg,皖AJK825
003567.jpg,皖AJK825
003568.jpg,皖AJK825
003569.jpg,皖AJK825
003570.jpg,皖AJK825
003571.jpg,皖AJK825
003572.jpg,皖AJK825
003573.jpg,皖AJK825
003574.jpg,皖AJK825
003575.jpg,皖AJK825
003576.jpg,皖AJK825
003577.jpg,皖AJK825
003578.jpg,皖AJK825
003579.jpg,皖AJK825
003580.jpg,皖AJK825
003581.jpg,皖AJK825
003582.jpg,皖AJK825
003583.jpg,皖AJK825
003584.jpg,皖AJK825
003585.jpg,皖AJK825
003586.jpg,皖AJK825
003587.jpg,皖AJK825
003588.jpg,皖AJK825
003589.jpg,皖AJK825
003590.jpg,皖AJK825
003591.jpg,皖AJK825
003592.jpg,皖AJK825
003593.jpg,皖AJK825
003594.jpg,皖AJK825
003595.jpg,皖AJK825
003596.jpg,皖AJK825
003597.jpg,皖AJK825
003598.jpg,皖AJK825
003599.jpg,皖AJK825
003600.jpg,皖AJK825
003601.jpg,皖AJK825
003602.jpg,皖AJK825
003603.jpg,皖AJK825
003604.jpg,皖AJK825
003605.jpg,皖AJK825
003606.jpg,皖AJK825
003607.jpg,皖AJK825
003608.jpg,皖AJK825
003609.jpg,皖AJK825
003610.jpg,皖AJK825
003611.jpg,皖AJK825
003612.jpg,皖AJK825
003613.jpg,皖AJK825
003614.jpg,皖AJK825
003615.jpg,皖AJK825
003616.jpg,皖AJK825
003617.jpg,皖AJK825
003618.jpg,皖AJK825
003619.jpg,皖AJK825
003620.jpg,皖AJK825
003621.jpg,皖AJK825
003622.jpg,皖AJK825
003623.jpg,皖AJK825
003624.jpg,皖AJK825
003625.jpg,皖AJK825
003626.jpg,皖AJK825
003627.jpg,皖AJK825
003628.jpg,皖AJK825
003629.jpg,皖AJK825
003630.jpg,皖AJK825
003631.jpg,皖AJK825
003632.jpg,皖AJK825
003633.jpg,皖AJK825
003634.jpg,皖AJK825
003635.jpg,皖AJK825
003636.jpg,皖AJK825
003637.jpg,皖AJK825
003638.jpg,皖AJK825
003639.jpg,皖AJK825
003640.jpg,皖AJK825
003641.jpg,皖AJK825
003642.jpg,皖AJK825
003643.jpg,皖AJK825
003644.jpg,皖AJK825
003645.jpg,皖AJK825
003646.jpg,皖AJK825
003647.jpg,皖AJK825
003648.jpg,皖AJK825
003649.jpg,皖AJK825
003650.jpg,皖AJK825
003651.jpg,皖AJK825
003652.jpg,皖AJK825
003653.jpg,皖AJK825
003654.jpg,皖AJK825
003655.jpg,皖AJK825
003656.jpg,皖AJK825
003657.jpg,皖AJK825
003658.jpg,皖AJK825
003659.jpg,皖AJK825
003660.jpg,皖AJK825
003661.jpg,皖AJK825
003662.jpg,皖AJK825
003663.jpg,皖AJK825
003664.jpg,皖AJK825
003665.jpg,皖AJK825
003666.jpg,皖AJK825
003667.jpg,皖AJK825
003668.jpg,皖AJK825
003669.jpg,皖AJK825
003670.jpg,皖AJK825
003671.jpg,皖AJK825
003672.jpg,皖AJK825
003673.jpg,皖AJK825
003674.jpg,皖AJK825
003675.jpg,皖AJK825
003676.jpg,皖AJK825
003677.jpg,皖AJK825
003678.jpg,皖AJK825
003679.jpg,皖AJK825
003680.jpg,皖AJK825
003681.jpg,皖AJK825
003682.jpg,皖AJK825
003683.jpg,皖AJK825
003684.jpg,皖AJK825
003685.jpg,皖AJK825
003686.jpg,皖AJK825
003687.jpg,皖AJK825
003688.jpg,皖AJK825
003689.jpg,皖AJK825
003690.jpg,皖AJK825
003691.jpg,皖AJK825
003692.jpg,皖AJK825
003693.jpg,皖AJK825
003694.jpg,皖AJK825
003695.jpg,皖AJK825
003696.jpg,皖AJK825
003697.jpg,皖AJK825
003698.jpg,皖AJK825
003699.jpg,皖AJK825
003700.jpg,皖AJK825
003701.jpg,皖AJK825
003702.jpg,皖AJK825
003703.jpg,皖AJK825
003704.jpg,皖AJK825
003705.jpg,皖AJK825
003706.jpg,皖AJK825
003707.jpg,皖AJK825
003708.jpg,皖AJK825
003709.jpg,皖AJK825
003710.jpg,皖AJK825
003711.jpg,皖AJK825
003712.jpg,皖AJK825
003713.jpg,皖AJK825
003714.jpg,皖AJK825
003715.jpg,皖AJK825
003716.jpg,皖AJK825
003717.jpg,皖AJK825
003718.jpg,皖AJK825
003719.jpg,皖AJK825
003720.jpg,皖AJK825
003721.jpg,皖AJK825
003722.jpg,皖AJK825
003723.jpg,皖AJK825
003724.jpg,皖AJK825
003725.jpg,皖AJK825
003726.jpg,皖AJK825
003727.jpg,皖AJK825
003728.jpg,皖AJK825
003729.jpg,皖AJK825
003730.jpg,皖AJK825
003731.jpg,皖AJK825
003732.jpg,皖AJK825
003733.jpg,皖AJK825
003734.jpg,皖AJK825
003735.jpg,皖AJK825
003736.jpg,皖AJK825
003737.jpg,皖AJK825
003738.jpg,皖AJK825
003739.jpg,皖AJK825
003740.jpg,皖AJK825
003741.jpg,皖AJK825
003742.jpg,皖AJK825
003743.jpg,皖AJK825
003744.jpg,皖AJK825
003745.jpg,皖AJK825
003746.jpg,皖AJK825
003747.jpg,皖AJK825
003748.jpg,皖AJK825
003749.jpg,皖AJK825
003750.jpg,皖AJK825
003751.jpg,皖AJK825
003752.jpg,皖AJK825
003753.jpg,皖AJK825
003754.jpg,皖AJK825
003755.jpg,皖AJK825
003756.jpg,皖AJK825
003757.jpg,皖AJK825
003758.jpg,皖AJK825
003759.jpg,皖AJK825
003760.jpg,皖AJK825
003761.jpg,皖AJK825
003762.jpg,皖AJK825
003763.jpg,皖AJK825
003764.jpg,皖AJK825
003765.jpg,皖AJK825
003766.jpg,皖AJK825
003767.jpg,皖AJK825
003768.jpg,皖AJK825
003769.jpg,皖AJK825
003770.jpg,皖AJK825
003771.jpg,皖AJK825
003772.jpg,皖AJK825
003773.jpg,皖AJK825
003774.jpg,皖AJK825
003775.jpg,皖AJK825
003776.jpg,皖AJK825
003777.jpg,皖AJK825
003778.jpg,皖AJK825
003779.jpg,皖AJK825
003780.jpg,皖AJK825
003781.jpg,皖AJK825
003782.jpg,皖AJK825
003783.jpg,皖AJK825
003784.jpg,皖AJK825
003785.jpg,皖AJK825
003786.jpg,皖AJK825
003787.jpg,皖AJK825
003788.jpg,皖AJK825
003789.jpg,皖AJK825
003790.jpg,皖AJK825
003791.jpg,皖AJK825
003792.jpg,皖AJK825
003793.jpg,皖AJK825
003794.jpg,皖AJK825
003795.jpg,皖AJK825
003796.jpg,皖AJK825
003797.jpg,皖AJK825
003798.jpg,皖AJK825
003799.jpg,皖AJK825
003800.jpg,皖AJK825
003801.jpg,皖AJK825
003802.jpg,皖AJK825
003803.jpg,皖AJK825
003804.jpg,皖AJK825
003805.jpg,皖AJK825
003806.jpg,皖AJK825
003807.jpg,皖AJK825
003808.jpg,皖AJK825
003809.jpg,皖AJK825
003810.jpg,皖AJK825
003811.jpg,皖AJK825
003812.jpg,皖AJK825
003813.jpg,皖AJK825
003814.jpg,皖AJK825
003815.jpg,皖AJK825
003816.jpg,皖AJK825
003817.jpg,皖AJK825
003818.jpg,皖AJK825
003819.jpg,皖AJK825
003820.jpg,皖AJK825
003821.jpg,皖AJK825
003822.jpg,皖AJK825
003823.jpg,皖AJK825
003824.jpg,皖AJK825
003825.jpg,皖AJK825
003826.jpg,皖AJK825
003827.jpg,皖AJK825
003828.jpg,皖AJK825
003829.jpg,皖AJK825
003830.jpg,皖AJK825
003831.jpg,皖AJK825
003832.jpg,皖AJK825
003833.jpg,皖AJK825
003834.jpg,皖AJK825
003835.jpg,皖AJK825
003836.jpg,皖AJK825
003837.jpg,皖AJK825
003838.jpg,皖AJK825
003839.jpg,皖AJK825
003840.jpg,皖AJK825
003841.jpg,皖AJK825
003842.jpg,皖AJK825
003843.jpg,皖AJK825
003844.jpg,皖AJK825
003845.jpg,皖AJK825
003846.jpg,皖AJK825
003847.jpg,皖AJK825
003848.jpg,皖AJK825
003849.jpg,皖AJK825
003850.jpg,皖AJK825
003851.jpg,皖AJK825
003852.jpg,皖AJK825
003853.jpg,皖AJK825
003854.jpg,皖AJK825
003855.jpg,皖AJK825
003856.jpg,皖AJK825
003857.jpg,皖AJK825
003858.jpg,皖AJK825
003859.jpg,皖AJK825
003860.jpg,皖AJK825
003861.jpg,皖AJK825
003862.jpg,皖AJK825
003863.jpg,皖AJK825
003864.jpg,皖AJK825
003865.jpg,皖AJK825
003866.jpg,皖AJK825
003867.jpg,皖AJK825
003868.jpg,皖AJK825
003869.jpg,皖AJK825
003870.jpg,皖AJK825
003871.jpg,皖AJK825
003872.jpg,皖AJK825
003873.jpg,皖AJK825
003874.jpg,皖AJK825
003875.jpg,皖AJK825
003876.jpg,皖AJK825
003877.jpg,皖AJK825
003878.jpg,皖AJK825
003879.jpg,皖AJK825
003880.jpg,皖AJK825
003881.jpg,皖AJK825
003882.jpg,皖AJK825
003883.jpg,皖AJK825
003884.jpg,皖AJK825
003885.jpg,皖AJK825
003886.jpg,皖AJK825
003887.jpg,皖AJK825
003888.jpg,皖AJK825
003889.jpg,皖AJK825
003890.jpg,皖AJK825
003891.jpg,皖AJK825
003892.jpg,皖AJK825
003893.jpg,皖AJK825
003894.jpg,皖AJK825
003895.jpg,皖AJK825
003896.jpg,皖AJK825
003897.jpg,皖AJK825
003898.jpg,皖AJK825
003899.jpg,皖AJK825
003900.jpg,皖AJK825
003901.jpg,皖AJK825
003902.jpg,皖AJK825
003903.jpg,皖AJK825
003904.jpg,皖AJK825
003905.jpg,皖AJK825
003906.jpg,皖AJK825
003907.jpg,皖AJK825
003908.jpg,皖AJK825
003909.jpg,皖AJK825
003910.jpg,皖AJK825
003911.jpg,皖AJK825
003912.jpg,皖AJK825
003913.jpg,皖AJK825
003914.jpg,皖AJK825
003915.jpg,皖AJK825
003916.jpg,皖AJK825
003917.jpg,皖AJK825
003918.jpg,皖AJK825
003919.jpg,皖AJK825
003920.jpg,皖AJK825
003921.jpg,皖AJK825
003922.jpg,皖AJK825
003923.jpg,皖AJK825
003924.jpg,皖AJK825
003925.jpg,皖AJK825
003926.jpg,皖AJK825
003927.jpg,皖AJK825
003928.jpg,皖AJK825
003929.jpg,皖AJK825
003930.jpg,皖AJK825
003931.jpg,皖AJK825
003932.jpg,皖AJK825
003933.jpg,皖AJK825
003934.jpg,皖AJK825
003935.jpg,皖AJK825
003936.jpg,皖AJK825
003937.jpg,皖AJK825
003938.jpg,皖AJK825
003939.jpg,皖AJK825
003940.jpg,皖AJK825
003941.jpg,皖AJK825
003942.jpg,皖AJK825
003943.jpg,皖AJK825
003944.jpg,皖AJK825
003945.jpg,皖AJK825
003946.jpg,皖AJK825
003947.jpg,皖AJK825
003948.jpg,皖AJK825
003949.jpg,皖AJK825
003950.jpg,皖AJK825
003951.jpg,皖AJK825
003952.jpg,皖AJK825
003953.jpg,皖AJK825
003954.jpg,皖AJK825
003955.jpg,皖AJK825
003956.jpg,皖AJK825
003957.jpg,皖AJK825
003958.jpg,皖AJK825
003959.jpg,皖AJK825
003960.jpg,皖AJK825
003961.jpg,皖AJK825
003962.jpg,皖AJK825
003963.jpg,皖AJK825
003964.jpg,皖AJK825
003965.jpg,皖AJK825
003966.jpg,皖AJK825
003967.jpg,皖AJK825
003968.jpg,皖AJK825
003969.jpg,皖AJK825
003970.jpg,皖AJK825
003971.jpg,皖AJK825
003972.jpg,皖AJK825
003973.jpg,皖AJK825
003974.jpg,皖AJK825
003975.jpg,皖AJK825
003976.jpg,皖AJK825
003977.jpg,皖AJK825
003978.jpg,皖AJK825
003979.jpg,皖AJK825
003980.jpg,皖AJK825
003981.jpg,皖AJK825
003982.jpg,皖AJK825
003983.jpg,皖AJK825
003984.jpg,皖AJK825
003985.jpg,皖AJK825
003986.jpg,皖AJK825
003987.jpg,皖AJK825
003988.jpg,皖AJK825
003989.jpg,皖AJK825
003990.jpg,皖AJK825
003991.jpg,皖AJK825
003992.jpg,皖AJK825
003993.jpg,皖AJK825
003994.jpg,皖AJK825
003995.jpg,皖AJK825
003996.jpg,皖AJK825
003997.jpg,皖AJK825
003998.jpg,皖AJK825
003999.jpg,皖AJK825
004000.jpg,皖AJK825
004001.jpg,皖AJK825
004002.jpg,皖AJK825
004003.jpg,皖AJK825
004004.jpg,皖AJK825
004005.jpg,皖AJK825
004006.jpg,皖AJK825
004007.jpg,皖AJK825
004008.jpg,皖AJK825
004009.jpg,皖AJK825
004010.jpg,皖AJK825
004011.jpg,皖AJK825
004012.jpg,皖AJK825
004013.jpg,皖AJK825
004014.jpg,皖AJK825
004015.jpg,皖AJK825
004016.jpg,皖AJK825
004017.jpg,皖AJK825
004018.jpg,皖AJK825
004019.jpg,皖AJK825
004020.jpg,皖AJK825
004021.jpg,皖AJK825
004022.jpg,皖AJK825
004023.jpg,皖AJK825
004024.jpg,皖AJK825
004025.jpg,皖AJK825
004026.jpg,皖AJK825
004027.jpg,皖AJK825
004028.jpg,皖AJK825
004029.jpg,皖AJK825
004030.jpg,皖AJK825
004031.jpg,皖AJK825
004032.jpg,皖AJK825
004033.jpg,皖AJK825
004034.jpg,皖AJK825
004035.jpg,皖AJK825
004036.jpg,皖AJK825
004037.jpg,皖AJK825
004038.jpg,皖AJK825
004039.jpg,皖AJK825
004040.jpg,皖AJK825
004041.jpg,皖AJK825
004042.jpg,皖AJK825
004043.jpg,皖AJK825
004044.jpg,皖AJK825
004045.jpg,皖AJK825
004046.jpg,皖AJK825
004047.jpg,皖AJK825
004048.jpg,皖AJK825
004049.jpg,皖AJK825
004050.jpg,皖AJK825
004051.jpg,皖AJK825
004052.jpg,皖AJK825
004053.jpg,皖AJK825
004054.jpg,皖AJK825
004055.jpg,皖AJK825
004056.jpg,皖AJK825
004057.jpg,皖AJK825
004058.jpg,皖AJK825
004059.jpg,皖AJK825
004060.jpg,皖AJK825
004061.jpg,皖AJK825
004062.jpg,皖AJK825
004063.jpg,皖AJK825
004064.jpg,皖AJK825
004065.jpg,皖AJK825
004066.jpg,皖AJK825
004067.jpg,皖AJK825
004068.jpg,皖AJK825
004069.jpg,皖AJK825
004070.jpg,皖AJK825
004071.jpg,皖AJK825
004072.jpg,皖AJK825
004073.jpg,皖AJK825
004074.jpg,皖AJK825
004075.jpg,皖AJK825
004076.jpg,皖AJK825
004077.jpg,皖AJK825
004078.jpg,皖AJK825
004079.jpg,皖AJK825
004080.jpg,皖AJK825
004081.jpg,皖AJK825
004082.jpg,皖AJK825
004083.jpg,皖AJK825
004084.jpg,皖AJK825
004085.jpg,皖AJK825
004086.jpg,皖AJK825
004087.jpg,皖AJK825
004088.jpg,皖AJK825
004089.jpg,皖AJK825
004090.jpg,皖AJK825
004091.jpg,皖AJK825
004092.jpg,皖AJK825
004093.jpg,皖AJK825
004094.jpg,皖AJK825
004095.jpg,皖AJK825
004096.jpg,皖AJK825
004097.jpg,皖AJK825
004098.jpg,皖AJK825
004099.jpg,皖AJK825
004100.jpg,皖AJK825
004101.jpg,皖AJK825
004102.jpg,皖AJK825
004103.jpg,皖AJK825
004104.jpg,皖AJK825
004105.jpg,皖AJK825
004106.jpg,皖AJK825
004107.jpg,皖AJK825
004108.jpg,皖AJK825
004109.jpg,皖AJK825
004110.jpg,皖AJK825
004111.jpg,皖AJK825
004112.jpg,皖AJK825
004113.jpg,皖AJK825
004114.jpg,皖AJK825
004115.jpg,皖AJK825
004116.jpg,皖AJK825
004117.jpg,皖AJK825
004118.jpg,皖AJK825
004119.jpg,皖AJK825
004120.jpg,皖AJK825
004121.jpg,皖AJK825
004122.jpg,皖AJK825
004123.jpg,皖AJK825
004124.jpg,皖AJK825
004125.jpg,皖AJK825
004126.jpg,皖AJK825
004127.jpg,皖AJK825
004128.jpg,皖AJK825
004129.jpg,皖AJK825
004130.jpg,皖AJK825
004131.jpg,皖AJK825
004132.jpg,皖AJK825
004133.jpg,皖AJK825
004134.jpg,皖AJK825
004135.jpg,皖AJK825
004136.jpg,皖AJK825
004137.jpg,皖AJK825
004138.jpg,皖AJK825
004139.jpg,皖AJK825
004140.jpg,皖AJK825
004141.jpg,皖AJK825
004142.jpg,皖AJK825
004143.jpg,皖AJK825
004144.jpg,皖AJK825
004145.jpg,皖AJK825
004146.jpg,皖AJK825
004147.jpg,皖AJK825
004148.jpg,皖AJK825
004149.jpg,皖AJK825
004150.jpg,皖AJK825
004151.jpg,皖AJK825
004152.jpg,皖AJK825
004153.jpg,皖AJK825
004154.jpg,皖AJK825
004155.jpg,皖AJK825
004156.jpg,皖AJK825
004157.jpg,皖AJK825
004158.jpg,皖AJK825
004159.jpg,皖AJK825
004160.jpg,皖AJK825
004161.jpg,皖AJK825
004162.jpg,皖AJK825
004163.jpg,皖AJK825
004164.jpg,皖AJK825
004165.jpg,皖AJK825
004166.jpg,皖AJK825
004167.jpg,皖AJK825
004168.jpg,皖AJK825
004169.jpg,皖AJK825
004170.jpg,皖AJK825
004171.jpg,皖AJK825
004172.jpg,皖AJK825
004173.jpg,皖AJK825
004174.jpg,皖AJK825
004175.jpg,皖AJK825
004176.jpg,皖AJK825
004177.jpg,皖AJK825
004178.jpg,皖AJK825
004179.jpg,皖AJK825
004180.jpg,皖AJK825
004181.jpg,皖AJK825
004182.jpg,皖AJK825
004183.jpg,皖AJK825
004184.jpg,皖AJK825
004185.jpg,皖AJK825
004186.jpg,皖AJK825
004187.jpg,皖AJK825
004188.jpg,皖AJK825
004189.jpg,皖AJK825
004190.jpg,皖AJK825
004191.jpg,皖AJK825
004192.jpg,皖AJK825
004193.jpg,皖AJK825
004194.jpg,皖AJK825
004195.jpg,皖AJK825
004196.jpg,皖AJK825
004197.jpg,皖AJK825
004198.jpg,皖AJK825
004199.jpg,皖AJK825
004200.jpg,皖AJK825
004201.jpg,皖AJK825
004202.jpg,皖AJK825
004203.jpg,皖AJK825
004204.jpg,皖AJK825
004205.jpg,皖AJK825
004206.jpg,皖AJK825
004207.jpg,皖AJK825
004208.jpg,皖AJK825
004209.jpg,皖AJK825
004210.jpg,皖AJK825
004211.jpg,皖AJK825
004212.jpg,皖AJK825
004213.jpg,皖AJK825
004214.jpg,皖AJK825
004215.jpg,皖AJK825
004216.jpg,皖AJK825
004217.jpg,皖AJK825
004218.jpg,皖AJK825
004219.jpg,皖AJK825
004220.jpg,皖AJK825
004221.jpg,皖AJK825
004222.jpg,皖AJK825
004223.jpg,皖AJK825
004224.jpg,皖AJK825
004225.jpg,皖AJK825
004226.jpg,皖AJK825
004227.jpg,皖AJK825
004228.jpg,皖AJK825
004229.jpg,皖AJK825
004230.jpg,皖AJK825
004231.jpg,皖AJK825
004232.jpg,皖AJK825
004233.jpg,皖AJK825
004234.jpg,皖AJK825
004235.jpg,皖AJK825
004236.jpg,皖AJK825
004237.jpg,皖AJK825
004238.jpg,皖AJK825
004239.jpg,皖AJK825
004240.jpg,皖AJK825
004241.jpg,皖AJK825
004242.jpg,皖AJK825
004243.jpg,皖AJK825
004244.jpg,皖AJK825
004245.jpg,皖AJK825
004246.jpg,皖AJK825
004247.jpg,皖AJK825
004248.jpg,皖AJK825
004249.jpg,皖AJK825
004250.jpg,皖AJK825
004251.jpg,皖AJK825
004252.jpg,皖AJK825
004253.jpg,皖AJK825
004254.jpg,皖AJK825
004255.jpg,皖AJK825
004256.jpg,皖AJK825
004257.jpg,皖AJK825
004258.jpg,皖AJK825
004259.jpg,皖AJK825
004260.jpg,皖AJK825
004261.jpg,皖AJK825
004262.jpg,皖AJK825
004263.jpg,皖AJK825
004264.jpg,皖AJK825
004265.jpg,皖AJK825
004266.jpg,皖AJK825
004267.jpg,皖AJK825
004268.jpg,皖AJK825
004269.jpg,皖AJK825
004270.jpg,皖AJK825
004271.jpg,皖AJK825
004272.jpg,皖AJK825
004273.jpg,皖AJK825
004274.jpg,皖AJK825
004275.jpg,皖AJK825
004276.jpg,皖AJK825
004277.jpg,皖AJK825
004278.jpg,皖AJK825
004279.jpg,皖AJK825
004280.jpg,皖AJK825
004281.jpg,皖AJK825
004282.jpg,皖AJK825
004283.jpg,皖AJK825
004284.jpg,皖AJK825
004285.jpg,皖AJK825
004286.jpg,皖AJK825
004287.jpg,皖AJK825
004288.jpg,皖AJK825
004289.jpg,皖AJK825
004290.jpg,皖AJK825
004291.jpg,皖AJK825
004292.jpg,皖AJK825
004293.jpg,皖AJK825
004294.jpg,皖AJK825
004295.jpg,皖AJK825
004296.jpg,皖AJK825
004297.jpg,皖AJK825
004298.jpg,皖AJK825
004299.jpg,皖AJK825
004300.jpg,皖AJK825
004301.jpg,皖AJK825
004302.jpg,皖AJK825
004303.jpg,皖AJK825
004304.jpg,皖AJK825
004305.jpg,皖AJK825
004306.jpg,皖AJK825
004307.jpg,皖AJK825
004308.jpg,皖AJK825
004309.jpg,皖AJK825
004310.jpg,皖AJK825
004311.jpg,皖AJK825
004312.jpg,皖AJK825
004313.jpg,皖AJK825
004314.jpg,皖AJK825
004315.jpg,皖AJK825
004316.jpg,皖AJK825
004317.jpg,皖AJK825
004318.jpg,皖AJK825
004319.jpg,皖AJK825
004320.jpg,皖AJK825
004321.jpg,皖AJK825
004322.jpg,皖AJK825
004323.jpg,皖AJK825
004324.jpg,皖AJK825
004325.jpg,皖AJK825
004326.jpg,皖AJK825
004327.jpg,皖AJK825
004328.jpg,皖AJK825
004329.jpg,皖AJK825
004330.jpg,皖AJK825
004331.jpg,皖AJK825
004332.jpg,皖AJK825
004333.jpg,皖AJK825
004334.jpg,皖AJK825
004335.jpg,皖AJK825
004336.jpg,皖AJK825
004337.jpg,皖AJK825
004338.jpg,皖AJK825
004339.jpg,皖AJK825
004340.jpg,皖AJK825
004341.jpg,皖AJK825
004342.jpg,皖AJK825
004343.jpg,皖AJK825
004344.jpg,皖AJK825
004345.jpg,皖AJK825
004346.jpg,皖AJK825
004347.jpg,皖AJK825
004348.jpg,皖AJK825
004349.jpg,皖AJK825
004350.jpg,皖AJK825
004351.jpg,皖AJK825
004352.jpg,皖AJK825
004353.jpg,皖AJK825
004354.jpg,皖AJK825
004355.jpg,皖AJK825
004356.jpg,皖AJK825
004357.jpg,皖AJK825
004358.jpg,皖AJK825
004359.jpg,皖AJK825
004360.jpg,皖AJK825
004361.jpg,皖AJK825
004362.jpg,皖AJK825
004363.jpg,皖AJK825
004364.jpg,皖AJK825
004365.jpg,皖AJK825
004366.jpg,皖AJK825
004367.jpg,皖AJK825
004368.jpg,皖AJK825
004369.jpg,皖AJK825
004370.jpg,皖AJK825
004371.jpg,皖AJK825
004372.jpg,皖AJK825
004373.jpg,皖AJK825
004374.jpg,皖AJK825
004375.jpg,皖AJK825
004376.jpg,皖AJK825
004377.jpg,皖AJK825
004378.jpg,皖AJK825
004379.jpg,皖AJK825
004380.jpg,皖AJK825
004381.jpg,皖AJK825
004382.jpg,皖AJK825
004383.jpg,皖AJK825
004384.jpg,皖AJK825
004385.jpg,皖AJK825
004386.jpg,皖AJK825
004387.jpg,皖AJK825
004388.jpg,皖AJK825
004389.jpg,皖AJK825
004390.jpg,皖AJK825
004391.jpg,皖AJK825
004392.jpg,皖AJK825
004393.jpg,皖AJK825
004394.jpg,皖AJK825
004395.jpg,皖AJK825
004396.jpg,皖AJK825
004397.jpg,皖AJK825
004398.jpg,皖AJK825
004399.jpg,皖AJK825
004400.jpg,皖AJK825
004401.jpg,皖AJK825
004402.jpg,皖AJK825
004403.jpg,皖AJK825
004404.jpg,皖AJK825
004405.jpg,皖AJK825
004406.jpg,皖AJK825
004407.jpg,皖AJK825
004408.jpg,皖AJK825
004409.jpg,皖AJK825
004410.jpg,皖AJK825
004411.jpg,皖AJK825
004412.jpg,皖AJK825
004413.jpg,皖AJK825
004414.jpg,皖AJK825
004415.jpg,皖AJK825
004416.jpg,皖AJK825
004417.jpg,皖AJK825
004418.jpg,皖AJK825
004419.jpg,皖AJK825
004420.jpg,皖AJK825
004421.jpg,皖AJK825
004422.jpg,皖AJK825
004423.jpg,皖AJK825
004424.jpg,皖AJK825
004425.jpg,皖AJK825
004426.jpg,皖AJK825
004427.jpg,皖AJK825
004428.jpg,皖AJK825
004429.jpg,皖AJK825
004430.jpg,皖AJK825
004431.jpg,皖AJK825
004432.jpg,皖AJK825
004433.jpg,皖AJK825
004434.jpg,皖AJK825
004435.jpg,皖AJK825
004436.jpg,皖AJK825
004437.jpg,皖AJK825
004438.jpg,皖AJK825
004439.jpg,皖AJK825
004440.jpg,皖AJK825
004441.jpg,皖AJK825
004442.jpg,皖AJK825
004443.jpg,皖AJK825
004444.jpg,皖AJK825
004445.jpg,皖AJK825
004446.jpg,皖AJK825
004447.jpg,皖AJK825
004448.jpg,皖AJK825
004449.jpg,皖AJK825
004450.jpg,皖AJK825
004451.jpg,皖AJK825
004452.jpg,皖AJK825
004453.jpg,皖AJK825
004454.jpg,皖AJK825
004455.jpg,皖AJK825
004456.jpg,皖AJK825
004457.jpg,皖AJK825
004458.jpg,皖AJK825
004459.jpg,皖AJK825
004460.jpg,皖AJK825
004461.jpg,皖AJK825
004462.jpg,皖AJK825
004463.jpg,皖AJK825
004464.jpg,皖AJK825
004465.jpg,皖AJK825
004466.jpg,皖AJK825
004467.jpg,皖AJK825
004468.jpg,皖AJK825
004469.jpg,皖AJK825
004470.jpg,皖AJK825
004471.jpg,皖AJK825
004472.jpg,皖AJK825
004473.jpg,皖AJK825
004474.jpg,皖AJK825
004475.jpg,皖AJK825
004476.jpg,皖AJK825
004477.jpg,皖AJK825
004478.jpg,皖AJK825
004479.jpg,皖AJK825
004480.jpg,皖AJK825
004481.jpg,皖AJK825
004482.jpg,皖AJK825
004483.jpg,皖AJK825
004484.jpg,皖AJK825
004485.jpg,皖AJK825
004486.jpg,皖AJK825
004487.jpg,皖AJK825
004488.jpg,皖AJK825
004489.jpg,皖AJK825
004490.jpg,皖AJK825
004491.jpg,皖AJK825
004492.jpg,皖AJK825
004493.jpg,皖AJK825
004494.jpg,皖AJK825
004495.jpg,皖AJK825
004496.jpg,皖AJK825
004497.jpg,皖AJK825
004498.jpg,皖AJK825
004499.jpg,皖AJK825
004500.jpg,皖AJK825
004501.jpg,皖AJK825
004502.jpg,皖AJK825
004503.jpg,皖AJK825
004504.jpg,皖AJK825
004505.jpg,皖AJK825
004506.jpg,皖AJK825
004507.jpg,皖AJK825
004508.jpg,皖AJK825
004509.jpg,皖AJK825
004510.jpg,皖AJK825
004511.jpg,皖AJK825
004512.jpg,皖AJK825
004513.jpg,皖AJK825
004514.jpg,皖AJK825
004515.jpg,皖AJK825
004516.jpg,皖AJK825
004517.jpg,皖AJK825
004518.jpg,皖AJK825
004519.jpg,皖AJK825
004520.jpg,皖AJK825
004521.jpg,皖AJK825
004522.jpg,皖AJK825
004523.jpg,皖AJK825
004524.jpg,皖AJK825
004525.jpg,皖AJK825
004526.jpg,皖AJK825
004527.jpg,皖AJK825
004528.jpg,皖AJK825
004529.jpg,皖AJK825
004530.jpg,皖AJK825
004531.jpg,皖AJK825
004532.jpg,皖AJK825
004533.jpg,皖AJK825
004534.jpg,皖AJK825
004535.jpg,皖AJK825
004536.jpg,皖AJK825
004537.jpg,皖AJK825
004538.jpg,皖AJK825
004539.jpg,皖AJK825
004540.jpg,皖AJK825
004541.jpg,皖AJK825
004542.jpg,皖AJK825
004543.jpg,皖AJK825
004544.jpg,皖AJK825
004545.jpg,皖AJK825
004546.jpg,皖AJK825
004547.jpg,皖AJK825
004548.jpg,皖AJK825
004549.jpg,皖AJK825
004550.jpg,皖AJK825
004551.jpg,皖AJK825
004552.jpg,皖AJK825
004553.jpg,皖AJK825
004554.jpg,皖AJK825
004555.jpg,皖AJK825
004556.jpg,皖AJK825
004557.jpg,皖AJK825
004558.jpg,皖AJK825
004559.jpg,皖AJK825
004560.jpg,皖AJK825
004561.jpg,皖AJK825
004562.jpg,皖AJK825
004563.jpg,皖AJK825
004564.jpg,皖AJK825
004565.jpg,皖AJK825
004566.jpg,皖AJK825
004567.jpg,皖AJK825
004568.jpg,皖AJK825
004569.jpg,皖AJK825
004570.jpg,皖AJK825
004571.jpg,皖AJK825
004572.jpg,皖AJK825
004573.jpg,皖AJK825
004574.jpg,皖AJK825
004575.jpg,皖AJK825
004576.jpg,皖AJK825
004577.jpg,皖AJK825
004578.jpg,皖AJK825
004579.jpg,皖AJK825
004580.jpg,皖AJK825
004581.jpg,皖AJK825
004582.jpg,皖AJK825
004583.jpg,皖AJK825
004584.jpg,皖AJK825
004585.jpg,皖AJK825
004586.jpg,皖AJK825
004587.jpg,皖AJK825
004588.jpg,皖AJK825
004589.jpg,皖AJK825
004590.jpg,皖AJK825
004591.jpg,皖AJK825
004592.jpg,皖AJK825
004593.jpg,皖AJK825
004594.jpg,皖AJK825
004595.jpg,皖AJK825
004596.jpg,皖AJK825
004597.jpg,皖AJK825
004598.jpg,皖AJK825
004599.jpg,皖AJK825
004600.jpg,皖AJK825
004601.jpg,皖AJK825
004602.jpg,皖AJK825
004603.jpg,皖AJK825
004604.jpg,皖AJK825
004605.jpg,皖AJK825
004606.jpg,皖AJK825
004607.jpg,皖AJK825
004608.jpg,皖AJK825
004609.jpg,皖AJK825
004610.jpg,皖AJK825
004611.jpg,皖AJK825
004612.jpg,皖AJK825
004613.jpg,皖AJK825
004614.jpg,皖AJK825
004615.jpg,皖AJK825
004616.jpg,皖AJK825
004617.jpg,皖AJK825
004618.jpg,皖AJK825
004619.jpg,皖AJK825
004620.jpg,皖AJK825
004621.jpg,皖AJK825
004622.jpg,皖AJK825
004623.jpg,皖AJK825
004624.jpg,皖AJK825
004625.jpg,皖AJK825
004626.jpg,皖AJK825
004627.jpg,皖AJK825
004628.jpg,皖AJK825
004629.jpg,皖AJK825
004630.jpg,皖AJK825
004631.jpg,皖AJK825
004632.jpg,皖AJK825
004633.jpg,皖AJK825
004634.jpg,皖AJK825
004635.jpg,皖AJK825
004636.jpg,皖AJK825
004637.jpg,皖AJK825
004638.jpg,皖AJK825
004639.jpg,皖AJK825
004640.jpg,皖AJK825
004641.jpg,皖AJK825
004642.jpg,皖AJK825
004643.jpg,皖AJK825
004644.jpg,皖AJK825
004645.jpg,皖AJK825
004646.jpg,皖AJK825
004647.jpg,皖AJK825
004648.jpg,皖AJK825
004649.jpg,皖AJK825
004650.jpg,皖AJK825
004651.jpg,皖AJK825
004652.jpg,皖AJK825
004653.jpg,皖AJK825
004654.jpg,皖AJK825
004655.jpg,皖AJK825
004656.jpg,皖AJK825
004657.jpg,皖AJK825
004658.jpg,皖AJK825
004659.jpg,皖AJK825
004660.jpg,皖AJK825
004661.jpg,皖AJK825
004662.jpg,皖AJK825
004663.jpg,皖AJK825
004664.jpg,皖AJK825
004665.jpg,皖AJK825
004666.jpg,皖AJK825
004667.jpg,皖AJK825
004668.jpg,皖AJK825
004669.jpg,皖AJK825
004670.jpg,皖AJK825
004671.jpg,皖AJK825
004672.jpg,皖AJK825
004673.jpg,皖AJK825
004674.jpg,皖AJK825
004675.jpg,皖AJK825
004676.jpg,皖AJK825
004677.jpg,皖AJK825
004678.jpg,皖AJK825
004679.jpg,皖AJK825
004680.jpg,皖AJK825
004681.jpg,皖AJK825
004682.jpg,皖AJK825
004683.jpg,皖AJK825
004684.jpg,皖AJK825
004685.jpg,皖AJK825
004686.jpg,皖AJK825
004687.jpg,皖AJK825
004688.jpg,皖AJK825
004689.jpg,皖AJK825
004690.jpg,皖AJK825
004691.jpg,皖AJK825
004692.jpg,皖AJK825
004693.jpg,皖AJK825
004694.jpg,皖AJK825
004695.jpg,皖AJK825
004696.jpg,皖AJK825
004697.jpg,皖AJK825
004698.jpg,皖AJK825
004699.jpg,皖AJK825
004700.jpg,皖AJK825
004701.jpg,皖AJK825
004702.jpg,皖AJK825
004703.jpg,皖AJK825
004704.jpg,皖AJK825
004705.jpg,皖AJK825
004706.jpg,皖AJK825
004707.jpg,皖AJK825
004708.jpg,皖AJK825
004709.jpg,皖AJK825
004710.jpg,皖AJK825
004711.jpg,皖AJK825
004712.jpg,皖AJK825
004713.jpg,皖AJK825
004714.jpg,皖AJK825
004715.jpg,皖AJK825
004716.jpg,皖AJK825
004717.jpg,皖AJK825
004718.jpg,皖AJK825
004719.jpg,皖AJK825
004720.jpg,皖AJK825
004721.jpg,皖AJK825
004722.jpg,皖AJK825
004723.jpg,皖AJK825
004724.jpg,皖AJK825
004725.jpg,皖AJK825
004726.jpg,皖AJK825
004727.jpg,皖AJK825
004728.jpg,皖AJK825
004729.jpg,皖AJK825
004730.jpg,皖AJK825
004731.jpg,皖AJK825
004732.jpg,皖AJK825
004733.jpg,皖AJK825
004734.jpg,皖AJK825
004735.jpg,皖AJK825
004736.jpg,皖AJK825
004737.jpg,皖AJK825
004738.jpg,皖AJK825
004739.jpg,皖AJK825
004740.jpg,皖AJK825
004741.jpg,皖AJK825
004742.jpg,皖AJK825
004743.jpg,皖AJK825
004744.jpg,皖AJK825
004745.jpg,皖AJK825
004746.jpg,皖AJK825
004747.jpg,皖AJK825
004748.jpg,皖AJK825
004749.jpg,皖AJK825
004750.jpg,皖AJK825
004751.jpg,皖AJK825
004752.jpg,皖AJK825
004753.jpg,皖AJK825
004754.jpg,皖AJK825
004755.jpg,皖AJK825
004756.jpg,皖AJK825
004757.jpg,皖AJK825
004758.jpg,皖AJK825
004759.jpg,皖AJK825
004760.jpg,皖AJK825
004761.jpg,皖AJK825
004762.jpg,皖AJK825
004763.jpg,皖AJK825
004764.jpg,皖AJK825
004765.jpg,皖AJK825
004766.jpg,皖AJK825
004767.jpg,皖AJK825
004768.jpg,皖AJK825
004769.jpg,皖AJK825
004770.jpg,皖AJK825
004771.jpg,皖AJK825
004772.jpg,皖AJK825
004773.jpg,皖AJK825
004774.jpg,皖AJK825
004775.jpg,皖AJK825
004776.jpg,皖AJK825
004777.jpg,皖AJK825
004778.jpg,皖AJK825
004779.jpg,皖AJK825
004780.jpg,皖AJK825
004781.jpg,皖AJK825
004782.jpg,皖AJK825
004783.jpg,皖AJK825
004784.jpg,皖AJK825
004785.jpg,皖AJK825
004786.jpg,皖AJK825
004787.jpg,皖AJK825
004788.jpg,皖AJK825
004789.jpg,皖AJK825
004790.jpg,皖AJK825
004791.jpg,皖AJK825
004792.jpg,皖AJK825
004793.jpg,皖AJK825
004794.jpg,皖AJK825
004795.jpg,皖AJK825
004796.jpg,皖AJK825
004797.jpg,皖AJK825
004798.jpg,皖AJK825
004799.jpg,皖AJK825
004800.jpg,皖AJK825
004801.jpg,皖AJK825
004802.jpg,皖AJK825
004803.jpg,皖AJK825
004804.jpg,皖AJK825
004805.jpg,皖AJK825
004806.jpg,皖AJK825
004807.jpg,皖AJK825
004808.jpg,皖AJK825
004809.jpg,皖AJK825
004810.jpg,皖AJK825
004811.jpg,皖AJK825
004812.jpg,皖AJK825
004813.jpg,皖AJK825
004814.jpg,皖AJK825
004815.jpg,皖AJK825
004816.jpg,皖AJK825
004817.jpg,皖AJK825
004818.jpg,皖AJK825
004819.jpg,皖AJK825
004820.jpg,皖AJK825
004821.jpg,皖AJK825
004822.jpg,皖AJK825
004823.jpg,皖AJK825
004824.jpg,皖AJK825
004825.jpg,皖AJK825
004826.jpg,皖AJK825
004827.jpg,皖AJK825
004828.jpg,皖AJK825
004829.jpg,皖AJK825
004830.jpg,皖AJK825
004831.jpg,皖AJK825
004832.jpg,皖AJK825
004833.jpg,皖AJK825
004834.jpg,皖AJK825
004835.jpg,皖AJK825
004836.jpg,皖AJK825
004837.jpg,皖AJK825
004838.jpg,皖AJK825
004839.jpg,皖AJK825
004840.jpg,皖AJK825
004841.jpg,皖AJK825
004842.jpg,皖AJK825
004843.jpg,皖AJK825
004844.jpg,皖AJK825
004845.jpg,皖AJK825
004846.jpg,皖AJK825
004847.jpg,皖AJK825
004848.jpg,皖AJK825
004849.jpg,皖AJK825
004850.jpg,皖AJK825
004851.jpg,皖AJK825
004852.jpg,皖AJK825
004853.jpg,皖AJK825
004854.jpg,皖AJK825
004855.jpg,皖AJK825
004856.jpg,皖AJK825
004857.jpg,皖AJK825
004858.jpg,皖AJK825
004859.jpg,皖AJK825
004860.jpg,皖AJK825
004861.jpg,皖AJK825
004862.jpg,皖AJK825
004863.jpg,皖AJK825
004864.jpg,皖AJK825
004865.jpg,皖AJK825
004866.jpg,皖AJK825
004867.jpg,皖AJK825
004868.jpg,皖AJK825
004869.jpg,皖AJK825
004870.jpg,皖AJK825
004871.jpg,皖AJK825
004872.jpg,皖AJK825
004873.jpg,皖AJK825
004874.jpg,皖AJK825
004875.jpg,皖AJK825
004876.jpg,皖AJK825
004877.jpg,皖AJK825
004878.jpg,皖AJK825
004879.jpg,皖AJK825
004880.jpg,皖AJK825
004881.jpg,皖AJK825
004882.jpg,皖AJK825
004883.jpg,皖AJK825
004884.jpg,皖AJK825
004885.jpg,皖AJK825
004886.jpg,皖AJK825
004887.jpg,皖AJK825
004888.jpg,皖AJK825
004889.jpg,皖AJK825
004890.jpg,皖AJK825
004891.jpg,皖AJK825
004892.jpg,皖AJK825
004893.jpg,皖AJK825
004894.jpg,皖AJK825
004895.jpg,皖AJK825
004896.jpg,皖AJK825
004897.jpg,皖AJK825
004898.jpg,皖AJK825
004899.jpg,皖AJK825
004900.jpg,皖AJK825
004901.jpg,皖AJK825
004902.jpg,皖AJK825
004903.jpg,皖AJK825
004904.jpg,皖AJK825
004905.jpg,皖AJK825
004906.jpg,皖AJK825
004907.jpg,皖AJK825
004908.jpg,皖AJK825
004909.jpg,皖AJK825
004910.jpg,皖AJK825
004911.jpg,皖AJK825
004912.jpg,皖AJK825
004913.jpg,皖AJK825
004914.jpg,皖AJK825
004915.jpg,皖AJK825
004916.jpg,皖AJK825
004917.jpg,皖AJK825
004918.jpg,皖AJK825
004919.jpg,皖AJK825
004920.jpg,皖AJK825
004921.jpg,皖AJK825
004922.jpg,皖AJK825
004923.jpg,皖AJK825
004924.jpg,皖AJK825
004925.jpg,皖AJK825
004926.jpg,皖AJK825
004927.jpg,皖AJK825
004928.jpg,皖AJK825
004929.jpg,皖AJK825
004930.jpg,皖AJK825
004931.jpg,皖AJK825
004932.jpg,皖AJK825
004933.jpg,皖AJK825
004934.jpg,皖AJK825
004935.jpg,皖AJK825
004936.jpg,皖AJK825
004937.jpg,皖AJK825
004938.jpg,皖AJK825
004939.jpg,皖AJK825
004940.jpg,皖AJK825
004941.jpg,皖AJK825
004942.jpg,皖AJK825
004943.jpg,皖AJK825
004944.jpg,皖AJK825
004945.jpg,皖AJK825
004946.jpg,皖AJK825
004947.jpg,皖AJK825
004948.jpg,皖AJK825
004949.jpg,皖AJK825
004950.jpg,皖AJK825
004951.jpg,皖AJK825
004952.jpg,皖AJK825
004953.jpg,皖AJK825
004954.jpg,皖AJK825
004955.jpg,皖AJK825
004956.jpg,皖AJK825
004957.jpg,皖AJK825
004958.jpg,皖AJK825
004959.jpg,皖AJK825
004960.jpg,皖AJK825
004961.jpg,皖AJK825
004962.jpg,皖AJK825
004963.jpg,皖AJK825
004964.jpg,皖AJK825
004965.jpg,皖AJK825
004966.jpg,皖AJK825
004967.jpg,皖AJK825
004968.jpg,皖AJK825
004969.jpg,皖AJK825
004970.jpg,皖AJK825
004971.jpg,皖AJK825
004972.jpg,皖AJK825
004973.jpg,皖AJK825
004974.jpg,皖AJK825
004975.jpg,皖AJK825
004976.jpg,皖AJK825
004977.jpg,皖AJK825
004978.jpg,皖AJK825
004979.jpg,皖AJK825
004980.jpg,皖AJK825
004981.jpg,皖AJK825
004982.jpg,皖AJK825
004983.jpg,皖AJK825
004984.jpg,皖AJK825
004985.jpg,皖AJK825
004986.jpg,皖AJK825
004987.jpg,皖AJK825
004988.jpg,皖AJK825
004989.jpg,皖AJK825
004990.jpg,皖AJK825
004991.jpg,皖AJK825
004992.jpg,皖AJK825
004993.jpg,皖AJK825
004994.jpg,皖AJK825
004995.jpg,皖AJK825
004996.jpg,皖AJK825
004997.jpg,皖AJK825
004998.jpg,皖AJK825
004999.jpg,皖AJK825
005000.jpg,皖AJK825
